id,name,destination,x_mm,y_mm,z_mm,order,weight_kg,fragile,rot_xy
X12-713,衣類,北海道札幌市,485,325,295,1,16.3,false,true
X12-176,スポーツ用品,神奈川県川崎市,485,325,295,2,16.2,false,true
X12-769,家具,福岡県福岡市,485,325,295,3,16.1,false,true
X12-841,医薬品,大阪府大阪市,485,325,295,4,16.1,false,true
X12-821,化粧品,神奈川県川崎市,485,325,295,5,16,false,true
X12-866,ペット用品,愛知県名古屋市,485,325,295,6,16,false,true
X12-647,飲料,北海道札幌市,485,325,295,7,15.7,false,true
X12-399,ペット用品,東京都品川区,485,325,295,8,15.6,false,true
X12-507,日用品,福岡県福岡市,485,325,295,9,15.5,false,true
X12-977,衣類,東京都新宿区,485,325,295,10,15.5,false,true
X12-760,日用品,東京都新宿区,485,325,295,11,15.3,false,true
X12-886,化粧品,神奈川県横浜市,485,325,295,12,15.2,false,true
X12-652,書籍,福岡県福岡市,485,325,295,13,15.1,false,true
X12-901,ペット用品,大阪府大阪市,485,325,295,14,15,false,true
X12-980,家具,東京都目黒区,485,325,295,15,15,false,true
X12-663,工具,東京都目黒区,485,325,295,16,14.9,false,true
X12-917,飲料,神奈川県川崎市,485,325,295,17,14.9,false,true
X12-607,工具,東京都品川区,485,325,295,18,14.7,false,true
X12-358,日用品,東京都港区,485,325,295,19,14.6,false,true
X12-028,日用品,神奈川県横浜市,485,325,295,20,14.5,false,false
X12-100,文具,東京都港区,485,325,295,21,14.4,false,true
X12-588,医薬品,福岡県福岡市,485,325,295,22,14.3,false,true
X12-653,医薬品,千葉県千葉市,485,325,295,23,14.3,false,false
X12-073,玩具,福岡県福岡市,485,325,295,24,14.1,false,true
X12-060,化粧品,埼玉県さいたま市,485,325,295,25,14,false,true
X12-117,ペット用品,愛知県名古屋市,485,325,295,26,13.8,false,true
X12-549,衣類,東京都目黒区,485,325,295,27,13.8,false,true
X12-751,衣類,神奈川県横浜市,485,325,295,28,13.8,false,true
X12-912,工具,福岡県福岡市,485,325,295,29,13.8,false,true
X12-946,雑貨,大阪府大阪市,485,325,295,30,13.8,false,false
X12-538,文具,大阪府大阪市,485,325,295,31,13.5,false,true
X12-680,衣類,千葉県千葉市,485,325,295,32,13.5,false,true
X12-367,食品,東京都渋谷区,485,325,295,33,13.4,false,true
X12-689,雑貨,大阪府大阪市,485,325,295,34,13.4,false,true
X12-087,家具,東京都港区,485,325,295,35,13.3,false,true
X12-122,電化製品,東京都渋谷区,485,325,295,36,13.3,false,true
X12-153,医薬品,東京都目黒区,485,325,295,37,13.3,false,true
X12-443,飲料,東京都品川区,485,325,295,38,13.2,false,true
X12-339,家具,埼玉県さいたま市,485,325,295,39,13.1,false,true
X12-743,雑貨,東京都新宿区,485,325,295,40,13.1,false,true
X12-013,家具,神奈川県横浜市,485,325,295,41,13,false,false
X12-254,スポーツ用品,愛知県名古屋市,485,325,295,42,12.9,false,true
X12-420,ペット用品,東京都渋谷区,485,325,295,43,12.9,false,true
X12-032,化粧品,神奈川県川崎市,485,325,295,44,12.8,false,true
X12-287,飲料,東京都渋谷区,485,325,295,45,12.8,false,true
X12-726,文具,神奈川県川崎市,485,325,295,46,12.8,false,true
X12-758,玩具,埼玉県さいたま市,485,325,295,47,12.8,false,true
X12-396,雑貨,東京都渋谷区,485,325,295,48,12.7,false,true
X12-724,医薬品,神奈川県川崎市,485,325,295,49,12.5,false,true
X12-734,食品,東京都渋谷区,485,325,295,50,12.4,false,true
X12-816,スポーツ用品,神奈川県川崎市,485,325,295,51,12.4,false,true
X12-611,化粧品,東京都港区,485,325,295,52,12.2,false,true
X12-723,医薬品,東京都港区,485,325,295,53,12.2,false,true
X12-253,飲料,東京都渋谷区,485,325,295,54,12.1,false,true
X12-461,ペット用品,福岡県福岡市,485,325,295,55,12,false,false
X12-326,食品,北海道札幌市,485,325,295,56,11.9,false,false
X12-738,日用品,埼玉県さいたま市,485,325,295,57,11.9,false,true
X12-819,文具,東京都品川区,485,325,295,58,11.9,false,true
X12-235,医薬品,福岡県福岡市,485,325,295,59,11.8,false,true
X12-321,スポーツ用品,東京都渋谷区,485,325,295,60,11.8,false,true
X12-173,日用品,愛知県名古屋市,485,325,295,61,11.7,false,false
X12-124,文具,埼玉県さいたま市,485,325,295,62,11.6,false,true
X12-878,雑貨,愛知県名古屋市,485,325,295,63,11.6,false,true
X12-916,飲料,東京都目黒区,485,325,295,64,11.6,false,true
X12-595,家具,東京都渋谷区,485,325,295,65,11.4,false,true
X12-860,飲料,東京都渋谷区,485,325,295,66,11.4,false,true
X12-404,化粧品,東京都目黒区,485,325,295,67,11.3,false,false
X12-668,食品,神奈川県川崎市,485,325,295,68,11.3,false,true
X12-142,玩具,愛知県名古屋市,485,325,295,69,11.2,false,true
X12-055,文具,東京都港区,485,325,295,70,11.1,false,true
X12-062,家具,東京都品川区,485,325,295,71,11,false,true
X11-572,化粧品,東京都目黒区,405,305,255,72,11,false,true
X11-772,家具,神奈川県横浜市,405,305,255,73,11,false,true
X12-116,医薬品,北海道札幌市,485,325,295,74,10.9,false,false
X11-161,スポーツ用品,神奈川県川崎市,405,305,255,75,10.9,false,true
X12-375,飲料,東京都目黒区,485,325,295,76,10.9,false,true
X11-592,飲料,東京都渋谷区,405,305,255,77,10.9,false,true
X11-955,ペット用品,神奈川県横浜市,405,305,255,78,10.9,false,true
X11-389,スポーツ用品,埼玉県さいたま市,405,305,255,79,10.8,false,true
X11-843,スポーツ用品,埼玉県さいたま市,405,305,255,80,10.8,false,true
X12-317,飲料,東京都品川区,485,325,295,81,10.7,false,false
X11-369,書籍,東京都目黒区,405,305,255,82,10.7,false,true
X11-610,飲料,東京都目黒区,405,305,255,83,10.7,false,true
X11-883,工具,神奈川県横浜市,405,305,255,84,10.7,false,true
X11-993,工具,北海道札幌市,405,305,255,85,10.7,false,false
X11-167,家具,神奈川県横浜市,405,305,255,86,10.6,false,false
X11-174,スポーツ用品,埼玉県さいたま市,405,305,255,87,10.6,false,true
X11-214,電化製品,愛知県名古屋市,405,305,255,88,10.6,false,false
X11-282,食品,千葉県千葉市,405,305,255,89,10.6,false,true
X11-958,飲料,東京都渋谷区,405,305,255,90,10.6,false,true
X11-091,文具,東京都新宿区,405,305,255,91,10.5,false,true
X12-241,飲料,千葉県千葉市,485,325,295,92,10.5,false,true
X11-551,飲料,北海道札幌市,405,305,255,93,10.5,false,true
X12-823,医薬品,福岡県福岡市,485,325,295,94,10.5,false,true
X11-828,雑貨,北海道札幌市,405,305,255,95,10.5,false,true
X11-076,衣類,福岡県福岡市,405,305,255,96,10.4,false,true
X12-636,化粧品,大阪府大阪市,485,325,295,97,10.4,false,true
X11-659,化粧品,東京都品川区,405,305,255,98,10.4,false,true
X11-880,食品,愛知県名古屋市,405,305,255,99,10.4,false,true
X11-183,医薬品,福岡県福岡市,405,305,255,100,10.3,false,false
X12-692,日用品,大阪府大阪市,485,325,295,101,10.3,false,true
X11-052,衣類,東京都渋谷区,405,305,255,102,10.2,false,true
X11-417,ペット用品,東京都港区,405,305,255,103,10.2,false,true
X12-924,電化製品,東京都目黒区,485,325,295,104,10.2,false,true
X11-005,飲料,東京都目黒区,405,305,255,105,10.1,false,true
X11-531,文具,神奈川県川崎市,405,305,255,106,10.1,false,true
X11-597,玩具,埼玉県さいたま市,405,305,255,107,10.1,false,false
X11-787,書籍,埼玉県さいたま市,405,305,255,108,10.1,false,true
X12-854,工具,東京都新宿区,485,325,295,109,10.1,false,true
X12-313,文具,埼玉県さいたま市,485,325,295,110,10,false,false
X11-557,日用品,東京都品川区,405,305,255,111,10,false,true
X12-870,書籍,埼玉県さいたま市,485,325,295,112,10,false,false
X11-875,ペット用品,東京都港区,405,305,255,113,10,false,true
X12-909,工具,北海道札幌市,485,325,295,114,10,false,true
X12-990,スポーツ用品,福岡県福岡市,485,325,295,115,10,false,false
X12-206,書籍,福岡県福岡市,485,325,295,116,9.9,false,true
X12-925,雑貨,千葉県千葉市,485,325,295,117,9.9,false,false
X11-040,家具,福岡県福岡市,405,305,255,118,9.8,false,true
X11-613,衣類,東京都新宿区,405,305,255,119,9.8,false,true
X11-762,工具,神奈川県横浜市,405,305,255,120,9.8,false,true
X11-312,電化製品,神奈川県横浜市,405,305,255,121,9.7,false,true
X11-532,食品,神奈川県横浜市,405,305,255,122,9.7,false,true
X12-722,医薬品,千葉県千葉市,485,325,295,123,9.7,false,true
X12-109,スポーツ用品,東京都渋谷区,485,325,295,124,9.6,false,false
X11-469,飲料,東京都港区,405,305,255,125,9.6,false,true
X11-540,文具,神奈川県横浜市,405,305,255,126,9.6,false,true
X11-833,医薬品,千葉県千葉市,405,305,255,127,9.6,false,true
X11-1001,玩具,神奈川県川崎市,405,305,255,128,9.6,false,false
X11-035,家具,東京都目黒区,405,305,255,129,9.5,false,true
X11-036,雑貨,北海道札幌市,405,305,255,130,9.5,false,true
X11-328,医薬品,東京都品川区,405,305,255,131,9.5,false,true
X12-097,スポーツ用品,東京都新宿区,485,325,295,132,9.4,false,true
X11-179,医薬品,東京都新宿区,405,305,255,133,9.4,false,true
X12-426,日用品,千葉県千葉市,485,325,295,134,9.4,false,false
X11-480,スポーツ用品,神奈川県川崎市,405,305,255,135,9.4,false,true
X11-541,雑貨,大阪府大阪市,405,305,255,136,9.4,false,true
X11-336,化粧品,愛知県名古屋市,405,305,255,137,9.3,false,true
X11-361,文具,埼玉県さいたま市,405,305,255,138,9.3,false,false
X12-498,衣類,東京都新宿区,485,325,295,139,9.3,false,false
X12-655,書籍,東京都港区,485,325,295,140,9.3,false,true
X11-033,工具,東京都渋谷区,405,305,255,141,9.2,false,false
X12-175,飲料,東京都品川区,485,325,295,142,9.2,false,true
X11-331,スポーツ用品,神奈川県川崎市,405,305,255,143,9.2,false,true
X11-197,衣類,東京都品川区,405,305,255,144,9.1,false,true
X12-919,文具,東京都港区,485,325,295,145,9.1,false,true
X12-564,玩具,東京都新宿区,485,325,295,146,9,false,true
X11-687,医薬品,大阪府大阪市,405,305,255,147,9,false,true
X12-066,飲料,神奈川県川崎市,485,325,295,148,8.9,false,true
X12-635,スポーツ用品,東京都渋谷区,485,325,295,149,8.9,false,true
X11-172,ペット用品,大阪府大阪市,405,305,255,150,8.8,false,true
X11-858,食品,福岡県福岡市,405,305,255,151,8.8,false,true
X12-884,化粧品,東京都目黒区,485,325,295,152,8.8,false,true
X12-154,工具,東京都新宿区,485,325,295,153,8.7,false,true
X11-248,スポーツ用品,東京都品川区,405,305,255,154,8.7,false,true
X12-335,医薬品,埼玉県さいたま市,485,325,295,155,8.7,false,true
X11-451,日用品,東京都新宿区,405,305,255,156,8.7,false,false
X11-475,書籍,福岡県福岡市,405,305,255,157,8.7,false,true
X11-715,化粧品,神奈川県川崎市,405,305,255,158,8.7,false,true
X11-969,文具,東京都港区,405,305,255,159,8.7,false,true
X12-256,書籍,福岡県福岡市,485,325,295,160,8.6,false,true
X11-365,電化製品,東京都目黒区,405,305,255,161,8.6,false,true
X11-372,雑貨,東京都目黒区,405,305,255,162,8.6,false,false
X12-383,工具,東京都新宿区,485,325,295,163,8.5,false,true
X12-542,ペット用品,東京都品川区,485,325,295,164,8.5,false,true
X11-813,医薬品,神奈川県横浜市,405,305,255,165,8.5,false,true
X12-894,衣類,愛知県名古屋市,485,325,295,166,8.5,false,true
X11-908,ペット用品,東京都目黒区,405,305,255,167,8.5,false,true
X11-019,日用品,千葉県千葉市,405,305,255,168,8.4,false,false
X11-044,飲料,東京都渋谷区,405,305,255,169,8.4,false,true
X11-071,食品,千葉県千葉市,405,305,255,170,8.4,false,true
X11-325,飲料,東京都渋谷区,405,305,255,171,8.4,false,true
X11-419,雑貨,東京都品川区,405,305,255,172,8.4,false,false
X11-747,書籍,東京都港区,405,305,255,173,8.4,false,true
X12-942,玩具,東京都港区,485,325,295,174,8.4,false,true
X12-510,工具,愛知県名古屋市,485,325,295,175,8.3,false,true
X11-896,日用品,愛知県名古屋市,405,305,255,176,8.3,false,true
X11-957,電化製品,東京都新宿区,405,305,255,177,8.3,false,true
X11-146,スポーツ用品,埼玉県さいたま市,405,305,255,178,8.2,false,true
X12-147,家具,東京都渋谷区,485,325,295,179,8.2,false,true
X11-584,家具,神奈川県横浜市,405,305,255,180,8.2,false,false
X12-857,食品,神奈川県横浜市,485,325,295,181,8.2,false,true
X11-160,電化製品,福岡県福岡市,405,305,255,182,8.1,false,true
X11-874,飲料,千葉県千葉市,405,305,255,183,8.1,false,true
X11-898,日用品,埼玉県さいたま市,405,305,255,184,8.1,false,true
X12-1008,ペット用品,北海道札幌市,485,325,295,185,8.1,false,true
X11-006,文具,千葉県千葉市,405,305,255,186,8,false,false
X12-185,家具,東京都港区,485,325,295,187,8,false,true
X12-193,雑貨,東京都渋谷区,485,325,295,188,8,false,true
X12-213,日用品,神奈川県横浜市,485,325,295,189,8,false,true
X11-275,工具,愛知県名古屋市,405,305,255,190,8,false,false
X12-435,玩具,大阪府大阪市,485,325,295,191,7.9,false,true
X11-827,文具,神奈川県横浜市,405,305,255,192,7.9,false,false
X11-992,ペット用品,北海道札幌市,405,305,255,193,7.9,false,true
X12-137,飲料,大阪府大阪市,485,325,295,194,7.8,false,true
X12-449,スポーツ用品,福岡県福岡市,485,325,295,195,7.8,false,true
X11-118,ペット用品,神奈川県川崎市,405,305,255,196,7.7,false,true
X11-263,スポーツ用品,東京都品川区,405,305,255,197,7.7,false,true
X11-277,ペット用品,神奈川県川崎市,405,305,255,198,7.7,false,false
X11-415,スポーツ用品,東京都港区,405,305,255,199,7.7,false,true
X12-501,雑貨,東京都渋谷区,485,325,295,200,7.7,false,true
X12-148,書籍,千葉県千葉市,485,325,295,201,7.6,false,true
X12-225,書籍,愛知県名古屋市,485,325,295,202,7.6,false,true
X11-548,スポーツ用品,神奈川県川崎市,405,305,255,203,7.6,false,true
X12-806,書籍,東京都新宿区,485,325,295,204,7.6,false,true
X11-937,ペット用品,東京都港区,405,305,255,205,7.6,false,true
X11-971,スポーツ用品,千葉県千葉市,405,305,255,206,7.6,false,true
X11-374,工具,神奈川県川崎市,405,305,255,207,7.5,false,true
X12-631,書籍,愛知県名古屋市,485,325,295,208,7.5,false,true
X11-191,玩具,神奈川県川崎市,405,305,255,209,7.4,false,true
X11-217,工具,東京都港区,405,305,255,210,7.4,false,true
X12-485,医薬品,東京都港区,485,325,295,211,7.4,false,true
X12-543,化粧品,神奈川県川崎市,485,325,295,212,7.4,false,true
X11-892,電化製品,神奈川県横浜市,405,305,255,213,7.4,false,true
X11-956,電化製品,埼玉県さいたま市,405,305,255,214,7.4,false,true
X11-329,工具,福岡県福岡市,405,305,255,215,7.3,false,true
X12-477,医薬品,東京都目黒区,485,325,295,216,7.3,false,true
X12-731,玩具,神奈川県川崎市,485,325,295,217,7.3,false,true
X11-784,文具,東京都品川区,405,305,255,218,7.3,false,true
X11-849,玩具,大阪府大阪市,405,305,255,219,7.3,false,true
X12-069,玩具,東京都目黒区,485,325,295,220,7.1,false,true
X12-121,スポーツ用品,神奈川県川崎市,485,325,295,221,7.1,false,true
X11-177,化粧品,埼玉県さいたま市,405,305,255,222,7.1,false,true
X11-989,飲料,東京都新宿区,405,305,255,223,7.1,false,true
X11-555,文具,千葉県千葉市,405,305,255,224,7,false,true
X11-633,工具,東京都渋谷区,405,305,255,225,7,false,true
X11-682,工具,福岡県福岡市,405,305,255,226,7,false,true
X11-423,化粧品,福岡県福岡市,405,305,255,227,6.9,false,true
X11-709,電化製品,千葉県千葉市,405,305,255,228,6.9,false,true
X11-057,工具,愛知県名古屋市,405,305,255,229,6.8,false,false
X11-337,玩具,千葉県千葉市,405,305,255,230,6.8,false,true
X11-868,書籍,東京都新宿区,405,305,255,231,6.8,false,true
X11-138,雑貨,埼玉県さいたま市,405,305,255,232,6.7,false,false
X11-382,飲料,神奈川県川崎市,405,305,255,233,6.6,false,false
X11-671,飲料,東京都港区,405,305,255,234,6.6,false,true
X11-935,電化製品,神奈川県横浜市,405,305,255,235,6.6,false,false
X11-403,スポーツ用品,神奈川県横浜市,405,305,255,236,6.5,false,true
X11-294,ペット用品,東京都港区,405,305,255,237,6.4,false,true
X11-589,スポーツ用品,東京都品川区,405,305,255,238,6.3,false,true
X11-380,ペット用品,千葉県千葉市,405,305,255,239,6.2,false,false
X11-529,雑貨,福岡県福岡市,405,305,255,240,6.2,false,true
X11-781,工具,東京都新宿区,405,305,255,241,6.2,false,true
X11-030,スポーツ用品,千葉県千葉市,405,305,255,242,6,false,true
X11-867,玩具,千葉県千葉市,405,305,255,243,6,false,false
X11-054,雑貨,東京都品川区,405,305,255,244,5.9,false,true
X11-807,化粧品,東京都新宿区,405,305,255,245,5.9,false,true
X11-471,日用品,福岡県福岡市,405,305,255,246,5.8,false,true
X11-562,医薬品,埼玉県さいたま市,405,305,255,247,5.7,false,true
X11-614,書籍,千葉県千葉市,405,305,255,248,5.7,false,true
X11-640,衣類,北海道札幌市,405,305,255,249,5.7,false,false
X11-808,電化製品,愛知県名古屋市,405,305,255,250,5.7,false,true
X11-390,玩具,愛知県名古屋市,405,305,255,251,5.6,false,true
X11-393,衣類,北海道札幌市,405,305,255,252,5.6,false,true
X11-802,衣類,神奈川県川崎市,405,305,255,253,5.6,false,true
X11-259,飲料,大阪府大阪市,405,305,255,254,5.5,false,true
X11-638,書籍,大阪府大阪市,405,305,255,255,5.5,false,true
X11-039,玩具,東京都目黒区,405,305,255,256,5.4,false,false
X11-199,飲料,千葉県千葉市,405,305,255,257,5.4,false,true
X11-617,雑貨,東京都渋谷区,405,305,255,258,5.4,false,true
X11-708,医薬品,北海道札幌市,405,305,255,259,5.4,false,true
X11-605,化粧品,千葉県千葉市,405,305,255,260,5.3,false,true
X11-236,書籍,東京都目黒区,405,305,255,261,5.1,false,true
X11-226,ペット用品,神奈川県横浜市,405,305,255,262,5,false,true
X11-099,ペット用品,東京都品川区,405,305,255,263,4.9,false,true
X11-203,食品,神奈川県川崎市,405,305,255,264,4.9,false,true
X11-257,スポーツ用品,北海道札幌市,405,305,255,265,4.9,false,true
X11-495,工具,大阪府大阪市,405,305,255,266,4.9,false,true
X11-727,飲料,東京都品川区,405,305,255,267,4.9,false,true
X11-814,食品,東京都目黒区,405,305,255,268,4.8,false,true
X11-897,食品,千葉県千葉市,405,305,255,269,4.8,false,true
X11-996,書籍,神奈川県横浜市,405,305,255,270,4.8,false,false
X08-004,飲料,神奈川県横浜市,315,245,105,271,2.8,false,true
X08-008,雑貨,千葉県千葉市,315,245,105,272,2.8,false,false
X08-067,衣類,東京都渋谷区,315,245,105,273,2.8,false,true
X08-233,書籍,北海道札幌市,315,245,105,274,2.8,false,false
X08-377,家具,大阪府大阪市,315,245,105,275,2.8,false,true
X08-547,雑貨,北海道札幌市,315,245,105,276,2.8,false,true
X08-587,玩具,北海道札幌市,315,245,105,277,2.8,false,true
X08-606,雑貨,神奈川県川崎市,315,245,105,278,2.8,false,true
X08-696,雑貨,北海道札幌市,315,245,105,279,2.8,false,true
X08-509,ペット用品,福岡県福岡市,315,245,105,280,2.7,false,true
X08-518,スポーツ用品,東京都渋谷区,315,245,105,281,2.7,false,true
X08-580,化粧品,東京都港区,315,245,105,282,2.7,false,true
X08-701,化粧品,福岡県福岡市,315,245,105,283,2.7,false,true
X08-810,医薬品,大阪府大阪市,315,245,105,284,2.7,false,true
X08-882,食品,埼玉県さいたま市,315,245,105,285,2.7,false,true
X08-934,工具,北海道札幌市,315,245,105,286,2.7,false,false
X08-975,工具,神奈川県横浜市,315,245,105,287,2.7,false,true
X08-986,日用品,埼玉県さいたま市,315,245,105,288,2.7,false,true
X08-053,電化製品,福岡県福岡市,315,245,105,289,2.6,false,true
X08-152,飲料,愛知県名古屋市,315,245,105,290,2.6,false,true
X08-249,日用品,東京都目黒区,315,245,105,291,2.6,false,true
X08-386,工具,福岡県福岡市,315,245,105,292,2.6,false,true
X08-453,日用品,福岡県福岡市,315,245,105,293,2.6,false,true
X08-503,スポーツ用品,千葉県千葉市,315,245,105,294,2.6,false,true
X08-832,工具,埼玉県さいたま市,315,245,105,295,2.6,false,true
X08-910,衣類,東京都港区,315,245,105,296,2.6,false,true
X08-020,家具,東京都新宿区,315,245,105,297,2.5,false,true
X08-104,日用品,千葉県千葉市,315,245,105,298,2.5,false,true
X08-281,工具,埼玉県さいたま市,315,245,105,299,2.5,false,false
X08-283,雑貨,北海道札幌市,315,245,105,300,2.5,false,true
X08-567,家具,愛知県名古屋市,315,245,105,301,2.5,false,true
X08-573,飲料,東京都港区,315,245,105,302,2.5,false,true
X08-900,ペット用品,東京都港区,315,245,105,303,2.5,false,true
X08-016,衣類,埼玉県さいたま市,315,245,105,304,2.4,false,true
X08-031,医薬品,千葉県千葉市,315,245,105,305,2.4,false,true
X08-084,工具,福岡県福岡市,315,245,105,306,2.4,false,true
X08-112,電化製品,東京都渋谷区,315,245,105,307,2.4,false,true
X08-452,化粧品,千葉県千葉市,315,245,105,308,2.4,false,true
X08-1004,医薬品,東京都品川区,315,245,105,309,2.4,false,false
X08-078,飲料,大阪府大阪市,315,245,105,310,2.3,false,true
X08-306,電化製品,神奈川県川崎市,315,245,105,311,2.3,false,true
X08-741,玩具,北海道札幌市,315,245,105,312,2.3,false,true
X08-964,家具,東京都新宿区,315,245,105,313,2.3,false,true
X08-002,家具,東京都港区,315,245,105,314,2.2,false,false
X08-135,ペット用品,東京都品川区,315,245,105,315,2.2,false,true
X08-186,ペット用品,福岡県福岡市,315,245,105,316,2.2,false,true
X08-264,雑貨,千葉県千葉市,315,245,105,317,2.2,false,true
X08-327,家具,北海道札幌市,315,245,105,318,2.2,false,true
X08-350,飲料,福岡県福岡市,315,245,105,319,2.2,false,true
X08-418,ペット用品,東京都港区,315,245,105,320,2.2,false,true
X08-483,雑貨,東京都新宿区,315,245,105,321,2.2,false,true
X08-637,工具,東京都目黒区,315,245,105,322,2.2,false,true
X08-759,文具,東京都目黒区,315,245,105,323,2.2,false,true
X08-979,化粧品,福岡県福岡市,315,245,105,324,2.2,false,true
X08-151,家具,大阪府大阪市,315,245,105,325,2.1,false,true
X08-165,玩具,愛知県名古屋市,315,245,105,326,2.1,false,true
X08-440,飲料,神奈川県横浜市,315,245,105,327,2.1,false,true
X08-528,ペット用品,東京都品川区,315,245,105,328,2.1,false,true
X08-599,家具,東京都渋谷区,315,245,105,329,2.1,false,true
X08-850,玩具,東京都品川区,315,245,105,330,2.1,false,true
X08-238,衣類,愛知県名古屋市,315,245,105,331,2,false,true
X08-455,雑貨,東京都新宿区,315,245,105,332,2,false,true
X08-601,化粧品,愛知県名古屋市,315,245,105,333,2,false,true
X08-627,家具,東京都港区,315,245,105,334,2,false,true
X08-648,衣類,神奈川県横浜市,315,245,105,335,2,false,true
X08-844,化粧品,千葉県千葉市,315,245,105,336,2,false,true
X08-899,衣類,北海道札幌市,315,245,105,337,2,false,true
X08-025,飲料,福岡県福岡市,315,245,105,338,1.9,false,true
X08-075,食品,東京都目黒区,315,245,105,339,1.9,false,false
XY05-125,食品,東京都新宿区,250,180,120,340,1.9,false,true
XY05-128,日用品,福岡県福岡市,250,180,120,341,1.9,false,true
X08-164,玩具,福岡県福岡市,315,245,105,342,1.9,false,true
X08-195,文具,東京都新宿区,315,245,105,343,1.9,false,true
XY05-467,化粧品,埼玉県さいたま市,250,180,120,344,1.9,false,true
X08-623,衣類,大阪府大阪市,315,245,105,345,1.9,false,true
X08-626,衣類,神奈川県川崎市,315,245,105,346,1.9,false,true
X08-698,スポーツ用品,東京都港区,315,245,105,347,1.9,false,false
XY05-767,日用品,大阪府大阪市,250,180,120,348,1.9,false,true
X08-848,化粧品,神奈川県横浜市,315,245,105,349,1.9,false,true
X08-871,家具,東京都新宿区,315,245,105,350,1.9,false,false
X08-929,スポーツ用品,埼玉県さいたま市,315,245,105,351,1.9,false,true
X08-973,日用品,東京都品川区,315,245,105,352,1.9,false,true
X08-083,工具,北海道札幌市,315,245,105,353,1.8,false,true
X08-108,雑貨,大阪府大阪市,315,245,105,354,1.8,false,true
XY05-194,衣類,埼玉県さいたま市,250,180,120,355,1.8,false,false
XY05-212,玩具,愛知県名古屋市,250,180,120,356,1.8,false,true
XY05-278,スポーツ用品,東京都渋谷区,250,180,120,357,1.8,false,false
XY05-357,ペット用品,神奈川県横浜市,250,180,120,358,1.8,false,true
XY05-437,化粧品,神奈川県横浜市,250,180,120,359,1.8,false,true
X08-439,医薬品,千葉県千葉市,315,245,105,360,1.8,false,false
X08-456,ペット用品,神奈川県横浜市,315,245,105,361,1.8,false,false
XY05-642,食品,神奈川県横浜市,250,180,120,362,1.8,false,true
X08-674,食品,北海道札幌市,315,245,105,363,1.8,false,true
XY05-780,雑貨,東京都渋谷区,250,180,120,364,1.8,false,true
X08-789,書籍,北海道札幌市,315,245,105,365,1.8,false,true
X08-981,玩具,東京都目黒区,315,245,105,366,1.8,false,true
XY05-139,書籍,東京都渋谷区,250,180,120,367,1.7,false,true
X08-218,工具,神奈川県横浜市,315,245,105,368,1.7,false,true
XY05-378,玩具,神奈川県川崎市,250,180,120,369,1.7,false,false
XY05-381,雑貨,埼玉県さいたま市,250,180,120,370,1.7,false,true
XY05-392,飲料,神奈川県川崎市,250,180,120,371,1.7,false,false
XY05-421,家具,福岡県福岡市,250,180,120,372,1.7,false,true
X08-566,化粧品,北海道札幌市,315,245,105,373,1.7,false,true
XY05-581,電化製品,大阪府大阪市,250,180,120,374,1.7,false,false
X08-681,家具,千葉県千葉市,315,245,105,375,1.7,false,true
XY05-721,玩具,東京都渋谷区,250,180,120,376,1.7,false,false
X08-737,書籍,神奈川県川崎市,315,245,105,377,1.7,false,true
X08-740,家具,東京都目黒区,315,245,105,378,1.7,false,true
X08-746,家具,神奈川県横浜市,315,245,105,379,1.7,false,true
X08-761,食品,北海道札幌市,315,245,105,380,1.7,false,true
XY05-788,医薬品,神奈川県川崎市,250,180,120,381,1.7,false,true
XY05-994,日用品,福岡県福岡市,250,180,120,382,1.7,false,true
X08-221,書籍,大阪府大阪市,315,245,105,383,1.6,false,true
XY05-252,化粧品,東京都目黒区,250,180,120,384,1.6,false,true
XY05-261,医薬品,東京都新宿区,250,180,120,385,1.6,false,true
X08-289,スポーツ用品,東京都目黒区,315,245,105,386,1.6,false,true
X08-293,衣類,東京都品川区,315,245,105,387,1.6,false,true
XY05-298,文具,北海道札幌市,250,180,120,388,1.6,false,true
XY05-320,書籍,東京都港区,250,180,120,389,1.6,false,true
X08-352,雑貨,埼玉県さいたま市,315,245,105,390,1.6,false,true
XY05-376,玩具,北海道札幌市,250,180,120,391,1.6,false,true
XY05-441,化粧品,大阪府大阪市,250,180,120,392,1.6,false,true
XY05-524,電化製品,東京都港区,250,180,120,393,1.6,false,true
XY05-526,書籍,神奈川県横浜市,250,180,120,394,1.6,false,true
XY05-527,文具,埼玉県さいたま市,250,180,120,395,1.6,false,true
X08-571,工具,埼玉県さいたま市,315,245,105,396,1.6,false,true
XY05-593,化粧品,福岡県福岡市,250,180,120,397,1.6,false,true
X08-594,食品,神奈川県横浜市,315,245,105,398,1.6,false,true
XY05-602,スポーツ用品,東京都新宿区,250,180,120,399,1.6,false,true
XY05-661,文具,東京都新宿区,250,180,120,400,1.6,false,true
X08-688,衣類,東京都品川区,315,245,105,401,1.6,false,true
X08-711,ペット用品,福岡県福岡市,315,245,105,402,1.6,false,true
XY05-765,化粧品,神奈川県川崎市,250,180,120,403,1.6,false,true
X08-809,日用品,埼玉県さいたま市,315,245,105,404,1.6,false,true
X08-852,医薬品,東京都渋谷区,315,245,105,405,1.6,false,true
XY05-959,衣類,愛知県名古屋市,250,180,120,406,1.6,false,true
XY05-090,玩具,東京都港区,250,180,120,407,1.5,false,true
XY05-134,スポーツ用品,愛知県名古屋市,250,180,120,408,1.5,false,true
XY05-163,衣類,愛知県名古屋市,250,180,120,409,1.5,false,true
XY05-323,化粧品,大阪府大阪市,250,180,120,410,1.5,false,true
X08-414,食品,東京都品川区,315,245,105,411,1.5,false,true
XY05-536,文具,東京都渋谷区,250,180,120,412,1.5,false,true
XY05-612,日用品,愛知県名古屋市,250,180,120,413,1.5,false,true
X08-675,玩具,福岡県福岡市,315,245,105,414,1.5,false,true
XY05-756,家具,東京都目黒区,250,180,120,415,1.5,false,true
XY05-836,家具,北海道札幌市,250,180,120,416,1.5,false,true
XY05-856,日用品,愛知県名古屋市,250,180,120,417,1.5,false,true
X08-873,家具,神奈川県横浜市,315,245,105,418,1.5,false,true
XY05-951,医薬品,東京都港区,250,180,120,419,1.5,false,true
XY05-101,工具,東京都渋谷区,250,180,120,420,1.4,false,true
XY05-158,工具,東京都品川区,250,180,120,421,1.4,false,true
XY05-196,文具,福岡県福岡市,250,180,120,422,1.4,false,true
XY05-240,化粧品,神奈川県川崎市,250,180,120,423,1.4,false,true
X08-316,日用品,大阪府大阪市,315,245,105,424,1.4,false,true
XY05-342,衣類,埼玉県さいたま市,250,180,120,425,1.4,false,true
XY05-347,食品,東京都新宿区,250,180,120,426,1.4,false,true
XY05-364,家具,北海道札幌市,250,180,120,427,1.4,false,true
XY05-373,玩具,東京都新宿区,250,180,120,428,1.4,false,true
X08-400,スポーツ用品,東京都渋谷区,315,245,105,429,1.4,false,true
XY05-424,医薬品,神奈川県川崎市,250,180,120,430,1.4,false,false
XY05-576,医薬品,大阪府大阪市,250,180,120,431,1.4,false,false
XY05-624,医薬品,神奈川県川崎市,250,180,120,432,1.4,false,true
XY05-677,衣類,埼玉県さいたま市,250,180,120,433,1.4,false,true
XY05-707,飲料,神奈川県川崎市,250,180,120,434,1.4,false,true
XY05-801,食品,愛知県名古屋市,250,180,120,435,1.4,false,true
XY05-811,玩具,福岡県福岡市,250,180,120,436,1.4,false,true
X08-826,スポーツ用品,神奈川県横浜市,315,245,105,437,1.4,false,true
XY05-838,飲料,千葉県千葉市,250,180,120,438,1.4,false,false
XY05-891,工具,愛知県名古屋市,250,180,120,439,1.4,false,true
XY05-895,日用品,東京都港区,250,180,120,440,1.4,false,true
XY05-905,飲料,大阪府大阪市,250,180,120,441,1.4,false,true
X08-961,電化製品,千葉県千葉市,315,245,105,442,1.4,false,true
X08-978,雑貨,埼玉県さいたま市,315,245,105,443,1.4,false,true
X08-011,雑貨,東京都新宿区,315,245,105,444,1.3,false,true
XY05-132,書籍,埼玉県さいたま市,250,180,120,445,1.3,false,true
XY05-140,家具,神奈川県川崎市,250,180,120,446,1.3,false,false
X08-159,化粧品,東京都港区,315,245,105,447,1.3,false,false
XY05-190,玩具,埼玉県さいたま市,250,180,120,448,1.3,false,true
XY05-230,医薬品,大阪府大阪市,250,180,120,449,1.3,false,true
X08-260,書籍,埼玉県さいたま市,315,245,105,450,1.3,false,true
X08-519,電化製品,東京都品川区,315,245,105,451,1.3,false,true
X08-537,家具,神奈川県川崎市,315,245,105,452,1.3,false,true
X08-574,文具,福岡県福岡市,315,245,105,453,1.3,false,false
XY05-585,スポーツ用品,福岡県福岡市,250,180,120,454,1.3,false,true
XY05-786,雑貨,東京都品川区,250,180,120,455,1.3,false,true
XY05-818,日用品,千葉県千葉市,250,180,120,456,1.3,false,true
XY05-888,家具,東京都渋谷区,250,180,120,457,1.3,false,true
X08-943,医薬品,大阪府大阪市,315,245,105,458,1.3,false,true
XY05-970,医薬品,東京都港区,250,180,120,459,1.3,false,true
X08-181,雑貨,東京都目黒区,315,245,105,460,1.2,false,true
XY05-338,書籍,大阪府大阪市,250,180,120,461,1.2,false,true
XY05-430,文具,大阪府大阪市,250,180,120,462,1.2,false,true
XY05-433,文具,埼玉県さいたま市,250,180,120,463,1.2,false,true
XY05-522,玩具,神奈川県川崎市,250,180,120,464,1.2,false,true
XY05-620,書籍,東京都渋谷区,250,180,120,465,1.2,false,true
XY05-660,飲料,福岡県福岡市,250,180,120,466,1.2,false,true
XY05-822,雑貨,埼玉県さいたま市,250,180,120,467,1.2,false,true
XY05-855,家具,東京都目黒区,250,180,120,468,1.2,false,true
XY05-938,日用品,福岡県福岡市,250,180,120,469,1.2,false,true
XY05-965,文具,東京都品川区,250,180,120,470,1.2,false,true
XY05-126,飲料,東京都渋谷区,250,180,120,471,1.1,false,true
XY05-136,ペット用品,神奈川県横浜市,250,180,120,472,1.1,false,true
XY05-242,飲料,大阪府大阪市,250,180,120,473,1.1,false,true
XY05-247,日用品,東京都目黒区,250,180,120,474,1.1,false,true
XY05-332,家具,神奈川県横浜市,250,180,120,475,1.1,false,true
XY05-353,ペット用品,神奈川県横浜市,250,180,120,476,1.1,false,true
XY05-465,衣類,大阪府大阪市,250,180,120,477,1.1,false,true
XY05-604,スポーツ用品,福岡県福岡市,250,180,120,478,1.1,false,true
XY05-609,食品,愛知県名古屋市,250,180,120,479,1.1,false,true
XY05-649,電化製品,神奈川県川崎市,250,180,120,480,1.1,false,true
XY05-739,日用品,東京都新宿区,250,180,120,481,1.1,false,true
XY05-800,日用品,福岡県福岡市,250,180,120,482,1.1,false,false
XY05-825,雑貨,埼玉県さいたま市,250,180,120,483,1.1,false,true
XY05-974,化粧品,東京都品川区,250,180,120,484,1.1,false,true
XY05-043,スポーツ用品,福岡県福岡市,250,180,120,485,1,false,true
XY05-245,飲料,北海道札幌市,250,180,120,486,1,false,true
XY05-271,飲料,東京都品川区,250,180,120,487,1,false,true
XY05-401,ペット用品,愛知県名古屋市,250,180,120,488,1,false,true
XY05-628,玩具,東京都目黒区,250,180,120,489,1,false,true
XY05-728,日用品,北海道札幌市,250,180,120,490,1,false,true
XY05-853,飲料,東京都品川区,250,180,120,491,1,false,false
XY05-921,医薬品,東京都新宿区,250,180,120,492,1,false,false
XY05-952,医薬品,大阪府大阪市,250,180,120,493,1,false,true
XY05-995,書籍,北海道札幌市,250,180,120,494,1,false,false
XY05-1002,スポーツ用品,大阪府大阪市,250,180,120,495,1,false,true
XY13-007,医薬品,東京都港区,330,255,30,496,0.9,false,true
XY05-026,工具,東京都港区,250,180,120,497,0.9,false,true
XY05-065,工具,愛知県名古屋市,250,180,120,498,0.9,false,true
XY05-068,電化製品,神奈川県川崎市,250,180,120,499,0.9,false,true
XY05-123,医薬品,神奈川県横浜市,250,180,120,500,0.9,false,true
XY13-127,食品,東京都渋谷区,330,255,30,501,0.9,false,true
XY05-149,スポーツ用品,神奈川県川崎市,250,180,120,502,0.9,false,true
XY05-162,食品,東京都品川区,250,180,120,503,0.9,false,true
XY05-168,化粧品,東京都港区,250,180,120,504,0.9,false,true
XY05-251,玩具,千葉県千葉市,250,180,120,505,0.9,false,false
XY05-268,電化製品,千葉県千葉市,250,180,120,506,0.9,false,true
XY13-302,文具,東京都目黒区,330,255,30,507,0.9,false,false
XY05-318,飲料,東京都目黒区,250,180,120,508,0.9,false,true
XY13-472,ペット用品,東京都渋谷区,330,255,30,509,0.9,false,true
XY05-558,医薬品,埼玉県さいたま市,250,180,120,510,0.9,false,true
XY13-645,飲料,神奈川県横浜市,330,255,30,511,0.9,false,true
XY13-683,スポーツ用品,北海道札幌市,330,255,30,512,0.9,false,true
XY13-693,日用品,東京都港区,330,255,30,513,0.9,false,true
XY05-730,家具,東京都品川区,250,180,120,514,0.9,false,true
XY13-812,化粧品,東京都品川区,330,255,30,515,0.9,false,true
XY05-933,書籍,北海道札幌市,250,180,120,516,0.9,false,true
XY05-014,飲料,北海道札幌市,250,180,120,517,0.8,false,true
XY13-063,スポーツ用品,神奈川県横浜市,330,255,30,518,0.8,false,true
XY13-103,化粧品,東京都品川区,330,255,30,519,0.8,false,true
XY13-114,食品,千葉県千葉市,330,255,30,520,0.8,false,true
XY13-131,玩具,東京都港区,330,255,30,521,0.8,false,true
XY13-180,雑貨,北海道札幌市,330,255,30,522,0.8,false,true
XY13-202,日用品,東京都品川区,330,255,30,523,0.8,false,false
XY13-296,食品,東京都渋谷区,330,255,30,524,0.8,false,true
XY13-314,医薬品,大阪府大阪市,330,255,30,525,0.8,false,true
XY13-346,家具,愛知県名古屋市,330,255,30,526,0.8,false,true
XY13-464,玩具,神奈川県横浜市,330,255,30,527,0.8,false,true
XY13-476,医薬品,埼玉県さいたま市,330,255,30,528,0.8,false,true
XY05-517,玩具,東京都港区,250,180,120,529,0.8,false,true
XY13-556,工具,東京都新宿区,330,255,30,530,0.8,false,true
XY13-615,電化製品,東京都品川区,330,255,30,531,0.8,false,false
XY13-622,ペット用品,東京都新宿区,330,255,30,532,0.8,false,true
XY13-718,衣類,北海道札幌市,330,255,30,533,0.8,false,true
XY13-733,玩具,東京都目黒区,330,255,30,534,0.8,false,false
XY13-735,飲料,東京都渋谷区,330,255,30,535,0.8,false,true
XY05-752,工具,東京都港区,250,180,120,536,0.8,false,true
XY13-753,文具,東京都新宿区,330,255,30,537,0.8,false,true
XY05-803,スポーツ用品,東京都渋谷区,250,180,120,538,0.8,false,true
XY13-914,日用品,神奈川県横浜市,330,255,30,539,0.8,false,true
XY13-928,工具,東京都目黒区,330,255,30,540,0.8,false,true
XY05-930,ペット用品,東京都品川区,250,180,120,541,0.8,false,true
XY13-941,衣類,福岡県福岡市,330,255,30,542,0.8,false,true
XY13-991,日用品,東京都渋谷区,330,255,30,543,0.8,false,true
XY13-021,電化製品,東京都目黒区,330,255,30,544,0.7,false,false
XY13-051,衣類,東京都品川区,330,255,30,545,0.7,false,true
XY13-059,食品,北海道札幌市,330,255,30,546,0.7,false,true
XY13-079,書籍,大阪府大阪市,330,255,30,547,0.7,false,true
XY13-089,工具,北海道札幌市,330,255,30,548,0.7,false,true
XY13-094,医薬品,東京都品川区,330,255,30,549,0.7,false,true
XY13-207,衣類,東京都目黒区,330,255,30,550,0.7,false,true
XY13-284,スポーツ用品,東京都港区,330,255,30,551,0.7,false,true
XY13-295,玩具,東京都品川区,330,255,30,552,0.7,false,false
XY13-305,化粧品,東京都港区,330,255,30,553,0.7,false,true
XY13-315,工具,北海道札幌市,330,255,30,554,0.7,false,true
XY13-359,食品,愛知県名古屋市,330,255,30,555,0.7,false,true
XY13-406,食品,東京都港区,330,255,30,556,0.7,false,true
XY13-409,ペット用品,福岡県福岡市,330,255,30,557,0.7,false,false
XY13-432,日用品,神奈川県横浜市,330,255,30,558,0.7,false,true
XY13-516,医薬品,北海道札幌市,330,255,30,559,0.7,false,true
XY13-684,電化製品,北海道札幌市,330,255,30,560,0.7,false,true
XY13-714,雑貨,北海道札幌市,330,255,30,561,0.7,false,true
XY13-791,家具,東京都港区,330,255,30,562,0.7,false,true
XY13-842,玩具,東京都港区,330,255,30,563,0.7,false,true
XY13-903,書籍,埼玉県さいたま市,330,255,30,564,0.7,false,true
XY13-913,ペット用品,大阪府大阪市,330,255,30,565,0.7,false,true
XY13-926,文具,東京都港区,330,255,30,566,0.7,false,true
XY13-022,ペット用品,大阪府大阪市,330,255,30,567,0.6,false,false
XY13-045,玩具,神奈川県横浜市,330,255,30,568,0.6,false,true
XY13-074,ペット用品,東京都新宿区,330,255,30,569,0.6,false,true
XY13-150,書籍,東京都渋谷区,330,255,30,570,0.6,false,true
XY13-311,衣類,埼玉県さいたま市,330,255,30,571,0.6,false,true
XY13-398,ペット用品,東京都新宿区,330,255,30,572,0.6,false,false
XY13-405,工具,福岡県福岡市,330,255,30,573,0.6,false,true
XY13-499,日用品,大阪府大阪市,330,255,30,574,0.6,false,true
XY13-512,玩具,東京都渋谷区,330,255,30,575,0.6,false,true
XY13-563,飲料,東京都渋谷区,330,255,30,576,0.6,false,true
XY13-579,工具,東京都目黒区,330,255,30,577,0.6,false,true
XY13-586,文具,大阪府大阪市,330,255,30,578,0.6,false,true
XY13-621,衣類,愛知県名古屋市,330,255,30,579,0.6,false,true
XY13-630,文具,東京都品川区,330,255,30,580,0.6,false,false
XY13-670,文具,東京都品川区,330,255,30,581,0.6,false,true
XY13-672,衣類,東京都渋谷区,330,255,30,582,0.6,false,true
XY13-754,化粧品,北海道札幌市,330,255,30,583,0.6,false,true
XY13-773,家具,埼玉県さいたま市,330,255,30,584,0.6,false,true
XY13-829,スポーツ用品,千葉県千葉市,330,255,30,585,0.6,false,true
XY13-983,工具,神奈川県横浜市,330,255,30,586,0.6,false,true
XY13-987,飲料,大阪府大阪市,330,255,30,587,0.6,false,true
XY13-009,飲料,東京都新宿区,330,255,30,588,0.5,false,true
XY13-015,電化製品,愛知県名古屋市,330,255,30,589,0.5,false,true
XM01-029,衣類,東京都港区,286,213,24,590,0.5,false,true
XM01-061,スポーツ用品,東京都新宿区,286,213,24,591,0.5,false,true
XY13-085,日用品,神奈川県川崎市,330,255,30,592,0.5,false,true
XY13-115,玩具,東京都目黒区,330,255,30,593,0.5,false,true
XY13-119,日用品,千葉県千葉市,330,255,30,594,0.5,false,true
XY13-145,日用品,東京都品川区,330,255,30,595,0.5,false,true
XM01-267,ペット用品,東京都目黒区,286,213,24,596,0.5,false,true
XY13-272,雑貨,福岡県福岡市,330,255,30,597,0.5,false,true
XM01-288,日用品,埼玉県さいたま市,286,213,24,598,0.5,false,true
XM01-319,文具,東京都渋谷区,286,213,24,599,0.5,false,true
XY13-333,日用品,大阪府大阪市,330,255,30,600,0.5,false,true
XM01-344,衣類,東京都品川区,286,213,24,601,0.5,false,true
XM01-360,文具,東京都新宿区,286,213,24,602,0.5,false,true
XM01-363,雑貨,福岡県福岡市,286,213,24,603,0.5,false,true
XY13-368,食品,神奈川県川崎市,330,255,30,604,0.5,false,false
XM01-412,文具,東京都港区,286,213,24,605,0.5,false,true
XM01-436,玩具,埼玉県さいたま市,286,213,24,606,0.5,false,false
XM01-460,医薬品,東京都港区,286,213,24,607,0.5,false,true
XY13-462,スポーツ用品,東京都渋谷区,330,255,30,608,0.5,false,false
XM01-474,雑貨,千葉県千葉市,286,213,24,609,0.5,false,true
XM01-488,医薬品,東京都新宿区,286,213,24,610,0.5,false,true
XM01-489,化粧品,福岡県福岡市,286,213,24,611,0.5,false,true
XY13-497,食品,愛知県名古屋市,330,255,30,612,0.5,false,true
XM01-500,食品,東京都品川区,286,213,24,613,0.5,false,false
XY13-546,玩具,東京都目黒区,330,255,30,614,0.5,false,true
XM01-565,化粧品,大阪府大阪市,286,213,24,615,0.5,false,true
XM01-569,ペット用品,神奈川県川崎市,286,213,24,616,0.5,false,true
XM01-600,日用品,福岡県福岡市,286,213,24,617,0.5,false,true
XY13-632,書籍,神奈川県横浜市,330,255,30,618,0.5,false,true
XY13-641,電化製品,福岡県福岡市,330,255,30,619,0.5,false,true
XY13-646,衣類,東京都港区,330,255,30,620,0.5,false,true
XM01-650,飲料,神奈川県川崎市,286,213,24,621,0.5,false,false
XY13-662,工具,東京都品川区,330,255,30,622,0.5,false,true
XY13-666,書籍,千葉県千葉市,330,255,30,623,0.5,false,false
XM01-690,化粧品,千葉県千葉市,286,213,24,624,0.5,false,true
XY13-700,ペット用品,大阪府大阪市,330,255,30,625,0.5,false,true
XM01-712,ペット用品,東京都港区,286,213,24,626,0.5,false,false
XM01-716,ペット用品,東京都品川区,286,213,24,627,0.5,false,true
XM01-720,電化製品,東京都渋谷区,286,213,24,628,0.5,false,true
XM01-729,家具,東京都目黒区,286,213,24,629,0.5,false,false
XY13-792,文具,東京都渋谷区,330,255,30,630,0.5,false,true
XY13-795,医薬品,神奈川県川崎市,330,255,30,631,0.5,false,true
XY13-798,食品,東京都目黒区,330,255,30,632,0.5,false,false
XY13-906,飲料,千葉県千葉市,330,255,30,633,0.5,false,true
XM01-936,家具,埼玉県さいたま市,286,213,24,634,0.5,false,true
XM01-982,ペット用品,東京都港区,286,213,24,635,0.5,false,true
XM01-984,書籍,北海道札幌市,286,213,24,636,0.5,false,true
XM01-1007,衣類,大阪府大阪市,286,213,24,637,0.5,false,true
XM01-010,衣類,埼玉県さいたま市,286,213,24,638,0.4,false,false
XM01-023,スポーツ用品,神奈川県横浜市,286,213,24,639,0.4,false,false
XY13-027,雑貨,埼玉県さいたま市,330,255,30,640,0.4,false,true
XM01-037,スポーツ用品,東京都品川区,286,213,24,641,0.4,false,true
XM01-058,文具,埼玉県さいたま市,286,213,24,642,0.4,false,true
XY13-080,医薬品,東京都目黒区,330,255,30,643,0.4,false,true
XM01-082,衣類,東京都渋谷区,286,213,24,644,0.4,false,true
XM01-086,書籍,東京都港区,286,213,24,645,0.4,false,true
XM01-107,電化製品,東京都目黒区,286,213,24,646,0.4,false,true
XM01-130,雑貨,福岡県福岡市,286,213,24,647,0.4,false,true
XM01-133,家具,東京都渋谷区,286,213,24,648,0.4,false,true
XM01-155,玩具,東京都渋谷区,286,213,24,649,0.4,false,true
XM01-170,衣類,東京都新宿区,286,213,24,650,0.4,false,false
XM01-189,ペット用品,東京都渋谷区,286,213,24,651,0.4,false,true
XM01-205,玩具,東京都新宿区,286,213,24,652,0.4,false,false
XY13-210,書籍,東京都目黒区,330,255,30,653,0.4,false,true
XM01-216,家具,東京都目黒区,286,213,24,654,0.4,false,false
XM01-246,玩具,福岡県福岡市,286,213,24,655,0.4,false,true
XM01-265,医薬品,東京都港区,286,213,24,656,0.4,false,true
XY13-276,食品,東京都品川区,330,255,30,657,0.4,false,true
XM01-299,雑貨,千葉県千葉市,286,213,24,658,0.4,false,true
XM01-322,家具,埼玉県さいたま市,286,213,24,659,0.4,false,true
XM01-348,衣類,千葉県千葉市,286,213,24,660,0.4,false,true
XY13-356,工具,東京都渋谷区,330,255,30,661,0.4,false,true
XY13-379,衣類,東京都品川区,330,255,30,662,0.4,false,false
XY13-385,日用品,東京都品川区,330,255,30,663,0.4,false,true
XM01-438,書籍,東京都渋谷区,286,213,24,664,0.4,false,true
XY13-447,食品,東京都目黒区,330,255,30,665,0.4,false,true
XM01-450,衣類,東京都品川区,286,213,24,666,0.4,false,true
XY13-454,医薬品,北海道札幌市,330,255,30,667,0.4,false,true
XM01-458,電化製品,福岡県福岡市,286,213,24,668,0.4,false,true
XM01-463,食品,東京都渋谷区,286,213,24,669,0.4,false,true
XY13-466,食品,神奈川県横浜市,330,255,30,670,0.4,false,true
XY13-478,家具,大阪府大阪市,330,255,30,671,0.4,false,true
XM01-481,医薬品,大阪府大阪市,286,213,24,672,0.4,false,true
XM01-535,雑貨,神奈川県川崎市,286,213,24,673,0.4,false,true
XM01-568,家具,東京都目黒区,286,213,24,674,0.4,false,true
XY13-570,化粧品,福岡県福岡市,330,255,30,675,0.4,false,true
XM01-577,玩具,福岡県福岡市,286,213,24,676,0.4,false,true
XM01-583,家具,北海道札幌市,286,213,24,677,0.4,false,true
XM01-590,医薬品,東京都新宿区,286,213,24,678,0.4,false,true
XY13-664,飲料,福岡県福岡市,330,255,30,679,0.4,false,true
XM01-665,工具,神奈川県川崎市,286,213,24,680,0.4,false,true
XM01-702,雑貨,東京都品川区,286,213,24,681,0.4,false,true
XM01-703,電化製品,千葉県千葉市,286,213,24,682,0.4,false,true
XM01-710,日用品,愛知県名古屋市,286,213,24,683,0.4,false,false
XM01-745,玩具,神奈川県横浜市,286,213,24,684,0.4,false,false
XY13-748,医薬品,大阪府大阪市,330,255,30,685,0.4,false,true
XM01-782,スポーツ用品,埼玉県さいたま市,286,213,24,686,0.4,false,false
XY13-830,雑貨,愛知県名古屋市,330,255,30,687,0.4,false,true
XY13-845,玩具,東京都渋谷区,330,255,30,688,0.4,false,true
XM01-851,化粧品,埼玉県さいたま市,286,213,24,689,0.4,false,true
XM01-862,玩具,千葉県千葉市,286,213,24,690,0.4,false,true
XM01-864,雑貨,神奈川県川崎市,286,213,24,691,0.4,false,true
XM01-911,スポーツ用品,北海道札幌市,286,213,24,692,0.4,false,true
XY13-939,日用品,大阪府大阪市,330,255,30,693,0.4,false,true
XM01-950,雑貨,千葉県千葉市,286,213,24,694,0.4,false,true
XM01-966,文具,福岡県福岡市,286,213,24,695,0.4,false,true
XY13-967,文具,東京都品川区,330,255,30,696,0.4,false,true
XM01-988,書籍,神奈川県横浜市,286,213,24,697,0.4,false,true
XM01-999,スポーツ用品,東京都港区,286,213,24,698,0.4,false,false
XM01-047,化粧品,神奈川県川崎市,286,213,24,699,0.3,false,true
XM01-070,家具,東京都港区,286,213,24,700,0.3,false,true
XM01-092,雑貨,北海道札幌市,286,213,24,701,0.3,false,true
XM01-098,電化製品,埼玉県さいたま市,286,213,24,702,0.3,false,true
XM01-111,工具,東京都目黒区,286,213,24,703,0.3,false,true
XM01-157,玩具,北海道札幌市,286,213,24,704,0.3,false,true
XM01-204,玩具,東京都目黒区,286,213,24,705,0.3,false,true
XM01-234,ペット用品,東京都港区,286,213,24,706,0.3,false,true
XM01-266,化粧品,大阪府大阪市,286,213,24,707,0.3,false,true
XM01-274,文具,東京都渋谷区,286,213,24,708,0.3,false,true
XM01-290,電化製品,東京都渋谷区,286,213,24,709,0.3,false,true
XM01-292,雑貨,東京都港区,286,213,24,710,0.3,false,false
XM01-303,玩具,福岡県福岡市,286,213,24,711,0.3,false,true
XM01-341,化粧品,北海道札幌市,286,213,24,712,0.3,false,true
XM01-343,飲料,東京都渋谷区,286,213,24,713,0.3,false,true
XM01-345,電化製品,埼玉県さいたま市,286,213,24,714,0.3,false,true
XM01-349,雑貨,大阪府大阪市,286,213,24,715,0.3,false,true
XM01-351,文具,東京都渋谷区,286,213,24,716,0.3,false,true
XM01-354,食品,大阪府大阪市,286,213,24,717,0.3,false,true
XM01-397,家具,福岡県福岡市,286,213,24,718,0.3,false,true
XM01-428,飲料,東京都渋谷区,286,213,24,719,0.3,false,true
XM01-434,スポーツ用品,東京都品川区,286,213,24,720,0.3,false,true
XM01-444,飲料,千葉県千葉市,286,213,24,721,0.3,false,true
XM01-484,衣類,東京都新宿区,286,213,24,722,0.3,false,true
XM01-508,書籍,神奈川県横浜市,286,213,24,723,0.3,false,true
XM01-521,衣類,千葉県千葉市,286,213,24,724,0.3,false,true
XM01-545,家具,東京都渋谷区,286,213,24,725,0.3,false,true
XM01-553,雑貨,大阪府大阪市,286,213,24,726,0.3,false,true
XM01-582,書籍,埼玉県さいたま市,286,213,24,727,0.3,false,true
XM01-658,ペット用品,愛知県名古屋市,286,213,24,728,0.3,false,true
XM01-673,衣類,東京都新宿区,286,213,24,729,0.3,false,true
XM01-676,ペット用品,東京都目黒区,286,213,24,730,0.3,false,true
XM01-678,家具,大阪府大阪市,286,213,24,731,0.3,false,true
XM01-755,工具,埼玉県さいたま市,286,213,24,732,0.3,false,true
XM01-757,玩具,福岡県福岡市,286,213,24,733,0.3,false,true
XM01-785,医薬品,福岡県福岡市,286,213,24,734,0.3,false,true
XM01-877,スポーツ用品,福岡県福岡市,286,213,24,735,0.3,false,true
XM01-902,雑貨,東京都渋谷区,286,213,24,736,0.3,false,false
XM01-915,ペット用品,東京都目黒区,286,213,24,737,0.3,false,true
XM01-922,飲料,東京都新宿区,286,213,24,738,0.3,false,true
XM01-923,ペット用品,東京都港区,286,213,24,739,0.3,false,true
XM01-962,玩具,埼玉県さいたま市,286,213,24,740,0.3,false,true
XM01-968,電化製品,福岡県福岡市,286,213,24,741,0.3,false,true
XM01-976,電化製品,東京都港区,286,213,24,742,0.3,false,true
XM01-1003,衣類,神奈川県川崎市,286,213,24,743,0.3,false,true
XM02-001,書籍,東京都品川区,232,133,22,744,0.2,false,true
XM02-003,衣類,北海道札幌市,232,133,22,745,0.2,false,true
XM02-038,書籍,福岡県福岡市,232,133,22,746,0.2,false,true
XM02-050,雑貨,神奈川県川崎市,232,133,22,747,0.2,false,true
XM02-064,食品,東京都新宿区,232,133,22,748,0.2,false,true
XM02-072,化粧品,千葉県千葉市,232,133,22,749,0.2,false,true
XM02-088,玩具,東京都渋谷区,232,133,22,750,0.2,false,true
XM02-095,工具,東京都品川区,232,133,22,751,0.2,false,true
XM02-096,家具,大阪府大阪市,232,133,22,752,0.2,false,false
XM02-105,玩具,愛知県名古屋市,232,133,22,753,0.2,false,false
XM02-129,日用品,愛知県名古屋市,232,133,22,754,0.2,false,true
XM02-141,家具,大阪府大阪市,232,133,22,755,0.2,false,true
XM02-144,文具,埼玉県さいたま市,232,133,22,756,0.2,false,true
XM02-166,文具,愛知県名古屋市,232,133,22,757,0.2,false,true
XM02-188,食品,東京都港区,232,133,22,758,0.2,false,true
XM02-192,書籍,東京都新宿区,232,133,22,759,0.2,false,true
XM02-198,医薬品,埼玉県さいたま市,232,133,22,760,0.2,false,true
XM02-219,医薬品,神奈川県横浜市,232,133,22,761,0.2,false,true
XM02-220,スポーツ用品,東京都新宿区,232,133,22,762,0.2,false,true
XM02-222,ペット用品,東京都目黒区,232,133,22,763,0.2,false,true
XM02-227,ペット用品,神奈川県川崎市,232,133,22,764,0.2,false,true
XM01-231,工具,東京都渋谷区,286,213,24,765,0.2,false,false
XM02-232,ペット用品,千葉県千葉市,232,133,22,766,0.2,false,true
XM02-244,食品,愛知県名古屋市,232,133,22,767,0.2,false,true
XM02-258,飲料,大阪府大阪市,232,133,22,768,0.2,false,false
XM02-269,家具,東京都渋谷区,232,133,22,769,0.2,false,true
XM02-280,ペット用品,神奈川県川崎市,232,133,22,770,0.2,false,true
XM02-285,文具,東京都港区,232,133,22,771,0.2,false,true
XM02-304,飲料,東京都目黒区,232,133,22,772,0.2,false,true
XM02-309,家具,東京都渋谷区,232,133,22,773,0.2,false,true
XM01-310,飲料,北海道札幌市,286,213,24,774,0.2,false,true
XM02-330,飲料,神奈川県川崎市,232,133,22,775,0.2,false,true
XM02-334,スポーツ用品,神奈川県横浜市,232,133,22,776,0.2,false,true
XM02-355,玩具,福岡県福岡市,232,133,22,777,0.2,false,true
XM02-362,医薬品,北海道札幌市,232,133,22,778,0.2,false,true
XM02-371,文具,東京都品川区,232,133,22,779,0.2,false,true
XM02-384,スポーツ用品,東京都新宿区,232,133,22,780,0.2,false,true
XM02-394,玩具,北海道札幌市,232,133,22,781,0.2,false,true
XM02-407,日用品,東京都新宿区,232,133,22,782,0.2,false,true
XM02-410,書籍,東京都品川区,232,133,22,783,0.2,false,false
XM02-413,電化製品,千葉県千葉市,232,133,22,784,0.2,false,true
XM02-425,医薬品,北海道札幌市,232,133,22,785,0.2,false,true
XM02-427,飲料,千葉県千葉市,232,133,22,786,0.2,false,true
XM02-429,電化製品,千葉県千葉市,232,133,22,787,0.2,false,true
XM02-431,食品,千葉県千葉市,232,133,22,788,0.2,false,true
XM02-442,スポーツ用品,東京都渋谷区,232,133,22,789,0.2,false,true
XM01-445,家具,東京都品川区,286,213,24,790,0.2,false,true
XM02-448,玩具,千葉県千葉市,232,133,22,791,0.2,false,true
XM02-468,工具,千葉県千葉市,232,133,22,792,0.2,false,true
XM01-470,家具,東京都港区,286,213,24,793,0.2,false,true
XM02-479,家具,大阪府大阪市,232,133,22,794,0.2,false,true
XM02-486,衣類,東京都品川区,232,133,22,795,0.2,false,true
XM02-490,玩具,大阪府大阪市,232,133,22,796,0.2,false,true
XM01-491,食品,北海道札幌市,286,213,24,797,0.2,false,true
XM02-492,ペット用品,東京都港区,232,133,22,798,0.2,false,true
XM02-502,雑貨,埼玉県さいたま市,232,133,22,799,0.2,false,true
XM02-504,玩具,愛知県名古屋市,232,133,22,800,0.2,false,false
XM02-505,玩具,愛知県名古屋市,232,133,22,801,0.2,false,true
XM02-506,衣類,大阪府大阪市,232,133,22,802,0.2,false,true
XM02-513,日用品,神奈川県川崎市,232,133,22,803,0.2,false,true
XM02-523,医薬品,埼玉県さいたま市,232,133,22,804,0.2,false,true
XM02-525,文具,神奈川県横浜市,232,133,22,805,0.2,false,true
XM02-534,工具,神奈川県横浜市,232,133,22,806,0.2,false,true
XM02-550,スポーツ用品,埼玉県さいたま市,232,133,22,807,0.2,false,true
XM02-575,文具,神奈川県川崎市,232,133,22,808,0.2,false,true
XM01-578,衣類,北海道札幌市,286,213,24,809,0.2,false,true
XM02-619,工具,愛知県名古屋市,232,133,22,810,0.2,false,true
XM02-625,ペット用品,東京都品川区,232,133,22,811,0.2,false,true
XM02-629,文具,神奈川県川崎市,232,133,22,812,0.2,false,false
XM02-634,化粧品,愛知県名古屋市,232,133,22,813,0.2,false,true
XM02-639,電化製品,東京都港区,232,133,22,814,0.2,false,false
XM02-651,家具,埼玉県さいたま市,232,133,22,815,0.2,false,true
XM01-654,雑貨,東京都目黒区,286,213,24,816,0.2,false,true
XM01-656,飲料,北海道札幌市,286,213,24,817,0.2,false,true
XM02-669,文具,東京都目黒区,232,133,22,818,0.2,false,true
XM02-679,化粧品,福岡県福岡市,232,133,22,819,0.2,false,true
XM02-694,文具,神奈川県川崎市,232,133,22,820,0.2,false,true
XM02-697,文具,東京都渋谷区,232,133,22,821,0.2,false,false
XM02-705,医薬品,福岡県福岡市,232,133,22,822,0.2,false,true
XM01-725,スポーツ用品,東京都渋谷区,286,213,24,823,0.2,false,true
XM01-744,雑貨,東京都品川区,286,213,24,824,0.2,false,true
XM02-763,電化製品,東京都港区,232,133,22,825,0.2,false,true
XM02-764,雑貨,北海道札幌市,232,133,22,826,0.2,false,true
XM02-768,飲料,東京都港区,232,133,22,827,0.2,false,true
XM02-771,雑貨,神奈川県川崎市,232,133,22,828,0.2,false,true
XM02-775,食品,神奈川県横浜市,232,133,22,829,0.2,false,true
XM02-776,家具,東京都渋谷区,232,133,22,830,0.2,false,true
XM02-777,スポーツ用品,埼玉県さいたま市,232,133,22,831,0.2,false,true
XM01-779,医薬品,東京都品川区,286,213,24,832,0.2,false,true
XM02-794,化粧品,大阪府大阪市,232,133,22,833,0.2,false,true
XM02-797,飲料,東京都新宿区,232,133,22,834,0.2,false,true
XM02-805,飲料,千葉県千葉市,232,133,22,835,0.2,false,true
XM02-820,雑貨,福岡県福岡市,232,133,22,836,0.2,false,false
XM02-824,スポーツ用品,神奈川県横浜市,232,133,22,837,0.2,false,true
XM02-834,家具,東京都新宿区,232,133,22,838,0.2,false,false
XM01-840,工具,東京都新宿区,286,213,24,839,0.2,false,true
XM02-846,化粧品,東京都港区,232,133,22,840,0.2,false,true
XM02-847,電化製品,東京都目黒区,232,133,22,841,0.2,false,true
XM02-861,食品,神奈川県横浜市,232,133,22,842,0.2,false,true
XM01-863,家具,千葉県千葉市,286,213,24,843,0.2,false,false
XM02-872,工具,東京都目黒区,232,133,22,844,0.2,false,true
XM02-876,飲料,東京都品川区,232,133,22,845,0.2,false,true
XM02-904,書籍,北海道札幌市,232,133,22,846,0.2,false,true
XM01-920,雑貨,東京都品川区,286,213,24,847,0.2,false,true
XM02-931,家具,愛知県名古屋市,232,133,22,848,0.2,false,true
XM02-940,医薬品,北海道札幌市,232,133,22,849,0.2,false,true
XM02-945,日用品,東京都渋谷区,232,133,22,850,0.2,false,true
XM02-949,玩具,愛知県名古屋市,232,133,22,851,0.2,false,true
XM01-953,工具,東京都新宿区,286,213,24,852,0.2,false,true
XM02-960,日用品,東京都新宿区,232,133,22,853,0.2,false,true
XM02-972,雑貨,東京都目黒区,232,133,22,854,0.2,false,true
XM02-1005,玩具,神奈川県川崎市,232,133,22,855,0.2,false,true
XM02-1006,スポーツ用品,神奈川県横浜市,232,133,22,856,0.2,false,true
XM02-012,飲料,神奈川県川崎市,232,133,22,857,0.1,false,true
XM02-018,家具,東京都渋谷区,232,133,22,858,0.1,false,false
XM02-024,飲料,大阪府大阪市,232,133,22,859,0.1,false,true
XM02-034,ペット用品,東京都新宿区,232,133,22,860,0.1,false,true
XM02-041,飲料,東京都目黒区,232,133,22,861,0.1,false,true
XM02-049,食品,東京都渋谷区,232,133,22,862,0.1,false,true
XM02-056,飲料,東京都渋谷区,232,133,22,863,0.1,false,true
XM02-093,雑貨,神奈川県横浜市,232,133,22,864,0.1,false,true
XM02-102,スポーツ用品,東京都新宿区,232,133,22,865,0.1,false,true
XM02-106,玩具,大阪府大阪市,232,133,22,866,0.1,false,true
XM02-110,医薬品,北海道札幌市,232,133,22,867,0.1,false,true
XM02-156,ペット用品,千葉県千葉市,232,133,22,868,0.1,false,true
XM02-184,スポーツ用品,東京都品川区,232,133,22,869,0.1,false,true
XM02-201,ペット用品,東京都品川区,232,133,22,870,0.1,false,true
XM02-211,雑貨,東京都目黒区,232,133,22,871,0.1,false,true
XM02-229,スポーツ用品,福岡県福岡市,232,133,22,872,0.1,false,true
XM02-270,家具,大阪府大阪市,232,133,22,873,0.1,false,true
XM02-301,飲料,神奈川県横浜市,232,133,22,874,0.1,false,true
XM02-307,電化製品,愛知県名古屋市,232,133,22,875,0.1,false,true
XM02-308,書籍,東京都渋谷区,232,133,22,876,0.1,false,true
XM02-366,食品,東京都渋谷区,232,133,22,877,0.1,false,true
XM02-388,書籍,千葉県千葉市,232,133,22,878,0.1,false,true
XM02-408,スポーツ用品,東京都目黒区,232,133,22,879,0.1,false,true
XM02-416,工具,東京都品川区,232,133,22,880,0.1,false,true
XM02-422,電化製品,愛知県名古屋市,232,133,22,881,0.1,false,true
XM02-446,化粧品,東京都品川区,232,133,22,882,0.1,false,true
XM02-482,書籍,東京都品川区,232,133,22,883,0.1,false,true
XM02-514,スポーツ用品,東京都目黒区,232,133,22,884,0.1,false,true
XM02-515,雑貨,千葉県千葉市,232,133,22,885,0.1,false,false
XM02-530,化粧品,福岡県福岡市,232,133,22,886,0.1,false,false
XM02-552,日用品,神奈川県横浜市,232,133,22,887,0.1,false,true
XM02-554,ペット用品,東京都渋谷区,232,133,22,888,0.1,false,true
XM02-559,書籍,大阪府大阪市,232,133,22,889,0.1,false,true
XM02-591,日用品,神奈川県川崎市,232,133,22,890,0.1,false,true
XM02-598,工具,大阪府大阪市,232,133,22,891,0.1,false,false
XM02-603,電化製品,神奈川県川崎市,232,133,22,892,0.1,false,true
XM02-608,家具,東京都品川区,232,133,22,893,0.1,false,true
XM02-643,玩具,千葉県千葉市,232,133,22,894,0.1,false,true
XM02-691,家具,東京都品川区,232,133,22,895,0.1,false,false
XM02-706,電化製品,福岡県福岡市,232,133,22,896,0.1,false,true
XM02-783,日用品,東京都目黒区,232,133,22,897,0.1,false,true
XM02-796,工具,東京都港区,232,133,22,898,0.1,false,false
XM02-799,文具,千葉県千葉市,232,133,22,899,0.1,false,true
XM02-804,飲料,東京都渋谷区,232,133,22,900,0.1,false,true
XM02-817,化粧品,福岡県福岡市,232,133,22,901,0.1,false,true
XM02-837,医薬品,東京都新宿区,232,133,22,902,0.1,false,true
XM02-839,食品,神奈川県横浜市,232,133,22,903,0.1,false,true
XM02-885,書籍,東京都品川区,232,133,22,904,0.1,false,true
XM02-890,家具,東京都新宿区,232,133,22,905,0.1,false,true
XM02-948,工具,埼玉県さいたま市,232,133,22,906,0.1,false,true
XM02-997,書籍,神奈川県横浜市,232,133,22,907,0.1,false,true
X12-297,医薬品,東京都品川区,485,325,295,908,15.8,true,true
X12-561,スポーツ用品,大阪府大阪市,485,325,295,909,15,true,true
X12-494,ペット用品,神奈川県横浜市,485,325,295,910,14.7,true,true
X12-831,雑貨,神奈川県川崎市,485,325,295,911,12.5,true,true
X12-859,家具,埼玉県さいたま市,485,325,295,912,12.3,true,true
X12-324,家具,北海道札幌市,485,325,295,913,11.8,true,true
X12-255,化粧品,東京都港区,485,325,295,914,11.6,true,true
X12-815,ペット用品,東京都新宿区,485,325,295,915,11.3,true,true
X12-391,電化製品,東京都渋谷区,485,325,295,916,11.2,true,false
X11-750,家具,東京都港区,405,305,255,917,11,true,true
X12-879,雑貨,東京都新宿区,485,325,295,918,10.8,true,true
X11-239,食品,北海道札幌市,405,305,255,919,9.9,true,true
X11-947,ペット用品,愛知県名古屋市,405,305,255,920,9.9,true,true
X12-774,スポーツ用品,神奈川県横浜市,485,325,295,921,9.7,true,false
X11-793,医薬品,大阪府大阪市,405,305,255,922,9.7,true,true
X11-300,電化製品,東京都品川区,405,305,255,923,9.6,true,false
X11-457,医薬品,東京都品川区,405,305,255,924,9.4,true,true
X11-208,家具,北海道札幌市,405,305,255,925,9.3,true,true
X11-616,食品,東京都港区,405,305,255,926,9.3,true,false
X11-178,日用品,神奈川県川崎市,405,305,255,927,9.2,true,true
X11-533,文具,神奈川県横浜市,405,305,255,928,9,true,true
X11-187,家具,神奈川県横浜市,405,305,255,929,8.2,true,true
X11-487,工具,東京都港区,405,305,255,930,7.6,true,true
X11-699,食品,東京都渋谷区,405,305,255,931,7.5,true,true
X11-143,電化製品,埼玉県さいたま市,405,305,255,932,7.4,true,true
X12-544,電化製品,福岡県福岡市,485,325,295,933,7.4,true,true
X11-889,ペット用品,北海道札幌市,405,305,255,934,7.4,true,false
X11-120,スポーツ用品,東京都港区,405,305,255,935,7.3,true,true
X11-893,雑貨,東京都目黒区,405,305,255,936,7.3,true,true
X11-262,工具,千葉県千葉市,405,305,255,937,6.5,true,true
X11-918,食品,北海道札幌市,405,305,255,938,6.1,true,true
X11-250,書籍,大阪府大阪市,405,305,255,939,5.8,true,true
X11-237,衣類,東京都品川区,405,305,255,940,5.5,true,true
X11-273,書籍,愛知県名古屋市,405,305,255,941,5.4,true,true
X08-228,衣類,東京都目黒区,315,245,105,942,2.6,true,true
X08-279,食品,神奈川県川崎市,315,245,105,943,2.6,true,true
X08-944,書籍,北海道札幌市,315,245,105,944,2.3,true,true
X08-717,衣類,福岡県福岡市,315,245,105,945,2,true,true
X08-042,飲料,大阪府大阪市,315,245,105,946,1.9,true,true
X08-411,電化製品,神奈川県横浜市,315,245,105,947,1.8,true,true
X08-835,化粧品,東京都港区,315,245,105,948,1.8,true,false
X08-077,文具,千葉県千葉市,315,245,105,949,1.6,true,true
X08-657,日用品,愛知県名古屋市,315,245,105,950,1.6,true,true
X08-907,衣類,東京都渋谷区,315,245,105,951,1.6,true,false
XY05-985,医薬品,福岡県福岡市,250,180,120,952,1.6,true,true
XY05-1000,食品,東京都品川区,250,180,120,953,1.6,true,true
XY05-618,ペット用品,東京都目黒区,250,180,120,954,1.5,true,true
XY05-695,家具,大阪府大阪市,250,180,120,955,1.5,true,false
XY05-017,スポーツ用品,神奈川県川崎市,250,180,120,956,1.4,true,true
XY05-387,工具,福岡県福岡市,250,180,120,957,1.4,true,true
XY05-560,化粧品,神奈川県川崎市,250,180,120,958,1.4,true,true
XY05-215,食品,東京都品川区,250,180,120,959,1.3,true,true
XY05-719,電化製品,東京都目黒区,250,180,120,960,1.3,true,false
XY05-778,食品,東京都新宿区,250,180,120,961,1.3,true,true
X08-790,玩具,東京都目黒区,315,245,105,962,1.3,true,true
XY05-224,医薬品,東京都品川区,250,180,120,963,1.1,true,true
XY05-395,化粧品,神奈川県川崎市,250,180,120,964,1.1,true,true
XY05-736,文具,北海道札幌市,250,180,120,965,1.1,true,true
XY05-200,家具,福岡県福岡市,250,180,120,966,1,true,true
XY05-770,医薬品,東京都渋谷区,250,180,120,967,1,true,false
XY05-520,医薬品,福岡県福岡市,250,180,120,968,0.9,true,true
XY05-686,ペット用品,東京都目黒区,250,180,120,969,0.9,true,true
XY13-291,化粧品,神奈川県川崎市,330,255,30,970,0.8,true,false
XY13-402,飲料,東京都港区,330,255,30,971,0.8,true,true
XY13-539,飲料,東京都品川区,330,255,30,972,0.8,true,true
XY13-869,書籍,東京都渋谷区,330,255,30,973,0.8,true,true
XY13-511,スポーツ用品,大阪府大阪市,330,255,30,974,0.7,true,false
XY13-286,日用品,千葉県千葉市,330,255,30,975,0.6,true,true
XY13-340,日用品,千葉県千葉市,330,255,30,976,0.6,true,true
XY13-473,医薬品,神奈川県川崎市,330,255,30,977,0.6,true,true
XY13-742,書籍,東京都新宿区,330,255,30,978,0.6,true,false
XY13-046,化粧品,北海道札幌市,330,255,30,979,0.5,true,true
XY13-113,玩具,東京都品川区,330,255,30,980,0.5,true,true
XY13-243,化粧品,東京都新宿区,330,255,30,981,0.5,true,true
XY13-644,雑貨,東京都品川区,330,255,30,982,0.5,true,true
XY13-881,衣類,東京都渋谷区,330,255,30,983,0.5,true,true
XM01-954,ペット用品,東京都港区,286,213,24,984,0.5,true,true
XM01-081,玩具,東京都港区,286,213,24,985,0.4,true,true
XM01-169,食品,大阪府大阪市,286,213,24,986,0.4,true,false
XM01-667,文具,愛知県名古屋市,286,213,24,987,0.4,true,true
XY13-685,食品,東京都新宿区,330,255,30,988,0.4,true,false
XM01-749,化粧品,福岡県福岡市,286,213,24,989,0.4,true,true
XM01-865,スポーツ用品,大阪府大阪市,286,213,24,990,0.4,true,true
XY13-927,文具,東京都港区,330,255,30,991,0.4,true,true
XM01-998,日用品,愛知県名古屋市,286,213,24,992,0.4,true,true
XM01-223,日用品,千葉県千葉市,286,213,24,993,0.3,true,true
XM01-370,文具,東京都渋谷区,286,213,24,994,0.3,true,true
XM01-459,衣類,大阪府大阪市,286,213,24,995,0.3,true,true
XM01-496,ペット用品,東京都港区,286,213,24,996,0.3,true,true
XM01-596,ペット用品,東京都港区,286,213,24,997,0.3,true,true
XM02-209,日用品,東京都新宿区,232,133,22,998,0.2,true,true
XM02-493,ペット用品,神奈川県川崎市,232,133,22,999,0.2,true,true
XM01-704,工具,東京都品川区,286,213,24,1000,0.2,true,true
XM02-887,衣類,東京都渋谷区,232,133,22,1001,0.2,true,false
XM02-932,日用品,東京都目黒区,232,133,22,1002,0.2,true,true
XM02-963,電化製品,福岡県福岡市,232,133,22,1003,0.2,true,true
XM02-048,衣類,千葉県千葉市,232,133,22,1004,0.1,true,true
XM02-171,ペット用品,東京都新宿区,232,133,22,1005,0.1,true,true
XM02-182,スポーツ用品,大阪府大阪市,232,133,22,1006,0.1,true,true
XM02-732,ペット用品,東京都品川区,232,133,22,1007,0.1,true,true
XM02-766,玩具,北海道札幌市,232,133,22,1008,0.1,true,true