id,name,destination,x_mm,y_mm,z_mm,order,weight_kg,fragile,rot_xy,posX,posY,posZ,rotation,loadOrder
X11-992,ペット用品,北海道札幌市,405,305,255,193,7.9,false,true,1372,3810,0,90,1
X11-969,文具,東京都港区,405,305,255,159,8.7,false,true,967,3660,0,90,2
X12-806,書籍,東京都新宿区,485,325,295,204,7.6,false,true,1372,3325,0,90,3
X11-747,書籍,東京都港区,405,305,255,173,8.4,false,true,967,3255,0,90,4
X08-580,化粧品,東京都港区,315,245,105,282,2.7,false,true,232,3150,0,90,5
X11-709,電化製品,千葉県千葉市,405,305,255,228,6.9,false,true,967,2850,0,90,6
X12-631,書籍,愛知県名古屋市,485,325,295,208,7.5,false,true,1372,2840,0,90,7
X08-418,ペット用品,東京都港区,315,245,105,320,2.2,false,true,232,2835,0,90,8
X08-293,衣類,東京都品川区,315,245,105,387,1.6,false,true,232,2520,0,90,9
X11-030,スポーツ用品,千葉県千葉市,405,305,255,242,6,false,true,967,2445,0,90,10
X12-731,玩具,神奈川県川崎市,485,325,295,217,7.3,false,true,1372,2355,0,90,11
X08-852,医薬品,東京都渋谷区,315,245,105,405,1.6,false,true,232,2205,0,90,12
X11-099,ペット用品,東京都品川区,405,305,255,263,4.9,false,true,967,2040,0,90,13
X08-400,スポーツ用品,東京都渋谷区,315,245,105,429,1.4,false,true,232,1890,0,90,14
X12-121,スポーツ用品,神奈川県川崎市,485,325,295,221,7.1,false,true,1372,1870,0,90,15
X08-233,書籍,北海道札幌市,315,245,105,274,2.8,false,false,967,1795,0,0,16
X08-181,雑貨,東京都目黒区,315,245,105,460,1.2,false,true,232,1575,0,90,17
X11-380,ペット用品,千葉県千葉市,405,305,255,239,6.2,false,false,1372,1565,0,0,18
X08-002,家具,東京都港区,315,245,105,314,2.2,false,false,967,1550,0,0,19
X08-075,食品,東京都目黒区,315,245,105,339,1.9,false,false,967,1305,0,0,20
X11-640,衣類,北海道札幌市,405,305,255,249,5.7,false,false,1372,1260,0,0,21
XY13-812,化粧品,東京都品川区,330,255,30,515,0.9,false,true,232,1245,0,90,22
X08-456,ペット用品,神奈川県横浜市,315,245,105,361,1.8,false,false,967,1060,0,0,23
XY05-721,玩具,東京都渋谷区,250,180,120,376,1.7,false,false,562,1003,0,0,24
X11-039,玩具,東京都目黒区,405,305,255,256,5.4,false,false,1372,955,0,0,25
XY13-967,文具,東京都品川区,330,255,30,696,0.4,false,true,232,915,0,90,26
X08-574,文具,福岡県福岡市,315,245,105,453,1.3,false,false,967,815,0,0,27
XM01-782,スポーツ用品,埼玉県さいたま市,286,213,24,686,0.4,false,false,562,790,0,0,28
X11-996,書籍,神奈川県横浜市,405,305,255,270,4.8,false,false,1372,650,0,0,29
XY13-302,文具,東京都目黒区,330,255,30,507,0.9,false,false,967,560,0,0,30
X11-273,書籍,愛知県名古屋市,405,305,255,941,5.4,true,true,232,510,0,90,31
XM01-988,書籍,神奈川県横浜市,286,213,24,697,0.4,false,true,0,419,0,90,32
X12-391,電化製品,東京都渋谷区,485,325,295,916,11.2,true,false,1372,325,0,0,33
X12-544,電化製品,福岡県福岡市,485,325,295,933,7.4,true,true,562,305,0,90,34
XY13-379,衣類,東京都品川区,330,255,30,662,0.4,false,false,967,305,0,0,35
XY13-881,衣類,東京都渋谷区,330,255,30,983,0.5,true,true,232,255,0,0,36
XM01-704,工具,東京都品川区,286,213,24,1000,0.2,true,true,0,133,0,90,37
XM02-766,玩具,北海道札幌市,232,133,22,1008,0.1,true,true,0,0,0,0,38
XY13-927,文具,東京都港区,330,255,30,991,0.4,true,true,232,0,0,0,39
X11-889,ペット用品,北海道札幌市,405,305,255,934,7.4,true,false,562,0,0,0,40
X11-616,食品,東京都港区,405,305,255,926,9.3,true,false,967,0,0,0,41
X12-774,スポーツ用品,神奈川県横浜市,485,325,295,921,9.7,true,false,1372,0,0,0,42
XM02-732,ペット用品,東京都品川区,232,133,22,1007,0.1,true,true,0,0,22,0,43
XM01-745,玩具,神奈川県横浜市,286,213,24,684,0.4,false,false,562,790,24,0,44
XM01-966,文具,福岡県福岡市,286,213,24,695,0.4,false,true,0,419,24,90,45
XM01-596,ペット用品,東京都港区,286,213,24,997,0.3,true,true,0,133,24,90,46
XY13-693,日用品,東京都港区,330,255,30,513,0.9,false,true,232,1245,30,90,47
XY13-939,日用品,大阪府大阪市,330,255,30,693,0.4,false,true,232,915,30,90,48
XY05-430,文具,大阪府大阪市,250,180,120,462,1.2,false,true,967,560,30,0,49
XY13-798,食品,東京都目黒区,330,255,30,632,0.5,false,false,967,305,30,0,50
XY13-644,雑貨,東京都品川区,330,255,30,982,0.5,true,true,232,255,30,0,51
XY13-685,食品,東京都新宿区,330,255,30,988,0.4,true,false,232,0,30,0,52
XM02-182,スポーツ用品,大阪府大阪市,232,133,22,1006,0.1,true,true,0,0,44,0,53
XM01-710,日用品,愛知県名古屋市,286,213,24,683,0.4,false,false,562,790,48,0,54
XM01-950,雑貨,千葉県千葉市,286,213,24,694,0.4,false,true,0,419,48,90,55
XM01-496,ペット用品,東京都港区,286,213,24,996,0.3,true,true,0,133,48,90,56
XY13-683,スポーツ用品,北海道札幌市,330,255,30,512,0.9,false,true,232,1245,60,90,57
XY13-845,玩具,東京都渋谷区,330,255,30,688,0.4,false,true,232,915,60,90,58
XY13-666,書籍,千葉県千葉市,330,255,30,623,0.5,false,false,967,305,60,0,59
XY13-243,化粧品,東京都新宿区,330,255,30,981,0.5,true,true,232,255,60,0,60
XM01-169,食品,大阪府大阪市,286,213,24,986,0.4,true,false,232,0,60,0,61
XM02-171,ペット用品,東京都新宿区,232,133,22,1005,0.1,true,true,0,0,66,0,62
XM01-216,家具,東京都目黒区,286,213,24,654,0.4,false,false,562,790,72,0,63
XM01-911,スポーツ用品,北海道札幌市,286,213,24,692,0.4,false,true,0,419,72,90,64
XM01-459,衣類,大阪府大阪市,286,213,24,995,0.3,true,true,0,133,72,90,65
XY05-770,医薬品,東京都渋谷区,250,180,120,967,1,true,false,232,0,84,0,66
XM02-048,衣類,千葉県千葉市,232,133,22,1004,0.1,true,true,0,0,88,0,67
XY13-645,飲料,神奈川県横浜市,330,255,30,511,0.9,false,true,232,1245,90,90,68
XY13-830,雑貨,愛知県名古屋市,330,255,30,687,0.4,false,true,232,915,90,90,69
XY13-462,スポーツ用品,東京都渋谷区,330,255,30,608,0.5,false,false,967,305,90,0,70
XY13-113,玩具,東京都品川区,330,255,30,980,0.5,true,true,232,255,90,0,71
XM01-205,玩具,東京都新宿区,286,213,24,652,0.4,false,false,562,790,96,0,72
XM01-864,雑貨,神奈川県川崎市,286,213,24,691,0.4,false,true,0,419,96,90,73
XM01-370,文具,東京都渋谷区,286,213,24,994,0.3,true,true,0,133,96,90,74
X08-518,スポーツ用品,東京都渋谷区,315,245,105,281,2.7,false,true,232,3150,105,90,75
X08-350,飲料,福岡県福岡市,315,245,105,319,2.2,false,true,232,2835,105,90,76
X08-289,スポーツ用品,東京都目黒区,315,245,105,386,1.6,false,true,232,2520,105,90,77
X08-809,日用品,埼玉県さいたま市,315,245,105,404,1.6,false,true,232,2205,105,90,78
X08-316,日用品,大阪府大阪市,315,245,105,424,1.4,false,true,232,1890,105,90,79
X08-008,雑貨,千葉県千葉市,315,245,105,272,2.8,false,false,967,1795,105,0,80
X08-943,医薬品,大阪府大阪市,315,245,105,458,1.3,false,true,232,1575,105,90,81
X08-1004,医薬品,東京都品川区,315,245,105,309,2.4,false,false,967,1550,105,0,82
X08-025,飲料,福岡県福岡市,315,245,105,338,1.9,false,true,967,1305,105,0,83
X08-439,医薬品,千葉県千葉市,315,245,105,360,1.8,false,false,967,1060,105,0,84
X08-159,化粧品,東京都港区,315,245,105,447,1.3,false,false,967,815,105,0,85
XM02-963,電化製品,福岡県福岡市,232,133,22,1003,0.2,true,true,0,0,110,0,86
XY13-472,ペット用品,東京都渋谷区,330,255,30,509,0.9,false,true,232,1245,120,90,87
XY05-581,電化製品,大阪府大阪市,250,180,120,374,1.7,false,false,562,1003,120,0,88
XY13-748,医薬品,大阪府大阪市,330,255,30,685,0.4,false,true,232,915,120,90,89
XM01-170,衣類,東京都新宿区,286,213,24,650,0.4,false,false,562,790,120,0,90
XM01-862,玩具,千葉県千葉市,286,213,24,690,0.4,false,true,0,419,120,90,91
XY13-368,食品,神奈川県川崎市,330,255,30,604,0.5,false,false,967,305,120,0,92
XY13-046,化粧品,北海道札幌市,330,255,30,979,0.5,true,true,232,255,120,0,93
XM01-223,日用品,千葉県千葉市,286,213,24,993,0.3,true,true,0,133,120,90,94
XM02-932,日用品,東京都目黒区,232,133,22,1002,0.2,true,true,0,0,132,0,95
XM01-023,スポーツ用品,神奈川県横浜市,286,213,24,639,0.4,false,false,562,790,144,0,96
XM01-851,化粧品,埼玉県さいたま市,286,213,24,689,0.4,false,true,0,419,144,90,97
XM01-998,日用品,愛知県名古屋市,286,213,24,992,0.4,true,true,0,133,144,90,98
XY13-127,食品,東京都渋谷区,330,255,30,501,0.9,false,true,232,1245,150,90,99
XY13-664,飲料,福岡県福岡市,330,255,30,679,0.4,false,true,232,915,150,90,100
XY05-338,書籍,大阪府大阪市,250,180,120,461,1.2,false,true,967,560,150,0,101
XY13-630,文具,東京都品川区,330,255,30,580,0.6,false,false,967,305,150,0,102
XY13-742,書籍,東京都新宿区,330,255,30,978,0.6,true,false,232,255,150,0,103
XM02-887,衣類,東京都渋谷区,232,133,22,1001,0.2,true,false,0,0,154,0,104
XM01-010,衣類,埼玉県さいたま市,286,213,24,638,0.4,false,false,562,790,168,0,105
XM01-703,電化製品,千葉県千葉市,286,213,24,682,0.4,false,true,0,419,168,90,106
XM01-865,スポーツ用品,大阪府大阪市,286,213,24,990,0.4,true,true,0,133,168,90,107
XM02-493,ペット用品,神奈川県川崎市,232,133,22,999,0.2,true,true,0,0,176,0,108
XY13-007,医薬品,東京都港区,330,255,30,496,0.9,false,true,232,1245,180,90,109
XY13-570,化粧品,福岡県福岡市,330,255,30,675,0.4,false,true,232,915,180,90,110
XY13-398,ペット用品,東京都新宿区,330,255,30,572,0.6,false,false,967,305,180,0,111
XY13-473,医薬品,神奈川県川崎市,330,255,30,977,0.6,true,true,232,255,180,0,112
XM01-729,家具,東京都目黒区,286,213,24,629,0.5,false,false,562,790,192,0,113
XM01-702,雑貨,東京都品川区,286,213,24,681,0.4,false,true,0,419,192,90,114
XM01-749,化粧品,福岡県福岡市,286,213,24,989,0.4,true,true,0,133,192,90,115
XM02-209,日用品,東京都新宿区,232,133,22,998,0.2,true,true,0,0,198,0,116
XY05-719,電化製品,東京都目黒区,250,180,120,960,1.3,true,false,232,0,204,0,117
X08-509,ペット用品,福岡県福岡市,315,245,105,280,2.7,false,true,232,3150,210,90,118
X08-327,家具,北海道札幌市,315,245,105,318,2.2,false,true,232,2835,210,90,119
X08-221,書籍,大阪府大阪市,315,245,105,383,1.6,false,true,232,2520,210,90,120
X08-711,ペット用品,福岡県福岡市,315,245,105,402,1.6,false,true,232,2205,210,90,121
X08-873,家具,神奈川県横浜市,315,245,105,418,1.5,false,true,232,1890,210,90,122
X08-537,家具,神奈川県川崎市,315,245,105,452,1.3,false,true,232,1575,210,90,123
X08-281,工具,埼玉県さいたま市,315,245,105,299,2.5,false,false,967,1550,210,0,124
X08-899,衣類,北海道札幌市,315,245,105,337,2,false,true,967,1305,210,0,125
XY05-353,ペット用品,神奈川県横浜市,250,180,120,476,1.1,false,true,232,1245,210,0,126
X08-108,雑貨,大阪府大阪市,315,245,105,354,1.8,false,true,967,1060,210,0,127
XY13-478,家具,大阪府大阪市,330,255,30,671,0.4,false,true,232,915,210,90,128
XY05-576,医薬品,大阪府大阪市,250,180,120,431,1.4,false,false,967,815,210,0,129
XY13-022,ペット用品,大阪府大阪市,330,255,30,567,0.6,false,false,967,305,210,0,130
XY13-340,日用品,千葉県千葉市,330,255,30,976,0.6,true,true,232,255,210,0,131
XM01-712,ペット用品,東京都港区,286,213,24,626,0.5,false,false,562,790,216,0,132
XM01-665,工具,神奈川県川崎市,286,213,24,680,0.4,false,true,0,419,216,90,133
XM01-667,文具,愛知県名古屋市,286,213,24,987,0.4,true,true,0,133,216,90,134
XY05-392,飲料,神奈川県川崎市,250,180,120,371,1.7,false,false,562,1003,240,0,135
XY13-466,食品,神奈川県横浜市,330,255,30,670,0.4,false,true,232,915,240,90,136
XM01-650,飲料,神奈川県川崎市,286,213,24,621,0.5,false,false,562,790,240,0,137
XM01-590,医薬品,東京都新宿区,286,213,24,678,0.4,false,true,0,419,240,90,138
XY13-409,ペット用品,福岡県福岡市,330,255,30,557,0.7,false,false,967,305,240,0,139
XY13-286,日用品,千葉県千葉市,330,255,30,975,0.6,true,true,232,255,240,0,140
XM01-081,玩具,東京都港区,286,213,24,985,0.4,true,true,0,133,240,90,141
X11-898,日用品,埼玉県さいたま市,405,305,255,184,8.1,false,true,1372,3810,255,90,142
X11-715,化粧品,神奈川県川崎市,405,305,255,158,8.7,false,true,967,3660,255,90,143
X11-325,飲料,東京都渋谷区,405,305,255,171,8.4,false,true,967,3255,255,90,144
X11-423,化粧品,福岡県福岡市,405,305,255,227,6.9,false,true,967,2850,255,90,145
X11-781,工具,東京都新宿区,405,305,255,241,6.2,false,true,967,2445,255,90,146
X11-226,ペット用品,神奈川県横浜市,405,305,255,262,5,false,true,967,2040,255,90,147
X11-935,電化製品,神奈川県横浜市,405,305,255,235,6.6,false,false,1372,1565,255,0,148
X11-614,書籍,千葉県千葉市,405,305,255,248,5.7,false,true,1372,1260,255,0,149
X11-638,書籍,大阪府大阪市,405,305,255,255,5.5,false,true,1372,955,255,0,150
X11-897,食品,千葉県千葉市,405,305,255,269,4.8,false,true,1372,650,255,0,151
X11-237,衣類,東京都品川区,405,305,255,940,5.5,true,true,232,510,255,90,152
X11-143,電化製品,埼玉県さいたま市,405,305,255,932,7.4,true,true,562,0,255,0,153
X11-208,家具,北海道札幌市,405,305,255,925,9.3,true,true,967,0,255,0,154
XM01-500,食品,東京都品川区,286,213,24,613,0.5,false,false,562,790,264,0,155
XM01-583,家具,北海道札幌市,286,213,24,677,0.4,false,true,0,419,264,90,156
XM01-954,ペット用品,東京都港区,286,213,24,984,0.5,true,true,0,133,264,90,157
XY13-454,医薬品,北海道札幌市,330,255,30,667,0.4,false,true,232,915,270,90,158
XY05-970,医薬品,東京都港区,250,180,120,459,1.3,false,true,967,560,270,0,159
XY13-295,玩具,東京都品川区,330,255,30,552,0.7,false,false,967,305,270,0,160
XY13-511,スポーツ用品,大阪府大阪市,330,255,30,974,0.7,true,false,232,255,270,0,161
XM01-436,玩具,埼玉県さいたま市,286,213,24,606,0.5,false,false,562,790,288,0,162
XM01-577,玩具,福岡県福岡市,286,213,24,676,0.4,false,true,0,419,288,90,163
XY05-686,ペット用品,東京都目黒区,250,180,120,969,0.9,true,true,0,133,288,90,164
X12-225,書籍,愛知県名古屋市,485,325,295,202,7.6,false,true,1372,3325,295,90,165
X11-971,スポーツ用品,千葉県千葉市,405,305,255,206,7.6,false,true,1372,2840,295,90,166
X12-477,医薬品,東京都目黒区,485,325,295,216,7.3,false,true,1372,2355,295,90,167
X12-069,玩具,東京都目黒区,485,325,295,220,7.1,false,true,1372,1870,295,90,168
X12-494,ペット用品,神奈川県横浜市,485,325,295,910,14.7,true,true,1372,325,295,0,169
X12-815,ペット用品,東京都新宿区,485,325,295,915,11.3,true,true,562,305,295,90,170
X12-879,雑貨,東京都新宿区,485,325,295,918,10.8,true,true,1372,0,295,0,171
XY13-447,食品,東京都目黒区,330,255,30,665,0.4,false,true,232,915,300,90,172
XY13-284,スポーツ用品,東京都港区,330,255,30,551,0.7,false,true,967,305,300,0,173
XY13-869,書籍,東京都渋谷区,330,255,30,973,0.8,true,true,232,255,300,0,174
XY05-728,日用品,北海道札幌市,250,180,120,490,1,false,true,562,790,312,0,175
XM01-568,家具,東京都目黒区,286,213,24,674,0.4,false,true,0,419,312,90,176
X08-696,雑貨,北海道札幌市,315,245,105,279,2.8,false,true,232,3150,315,90,177
X08-264,雑貨,千葉県千葉市,315,245,105,317,2.2,false,true,232,2835,315,90,178
X08-761,食品,北海道札幌市,315,245,105,380,1.7,false,true,232,2520,315,90,179
X08-688,衣類,東京都品川区,315,245,105,401,1.6,false,true,232,2205,315,90,180
X08-675,玩具,福岡県福岡市,315,245,105,414,1.5,false,true,232,1890,315,90,181
X08-519,電化製品,東京都品川区,315,245,105,451,1.3,false,true,232,1575,315,90,182
X08-104,日用品,千葉県千葉市,315,245,105,298,2.5,false,true,967,1550,315,0,183
X08-844,化粧品,千葉県千葉市,315,245,105,336,2,false,true,967,1305,315,0,184
X08-083,工具,北海道札幌市,315,245,105,353,1.8,false,true,967,1060,315,0,185
XY05-695,家具,大阪府大阪市,250,180,120,955,1.5,true,false,232,0,324,0,186
XY05-332,家具,神奈川県横浜市,250,180,120,475,1.1,false,true,232,1245,330,0,187
XY13-385,日用品,東京都品川区,330,255,30,663,0.4,false,true,232,915,330,90,188
XY05-424,医薬品,神奈川県川崎市,250,180,120,430,1.4,false,false,967,815,330,0,189
XY13-207,衣類,東京都目黒区,330,255,30,550,0.7,false,true,967,305,330,0,190
XY13-539,飲料,東京都品川区,330,255,30,972,0.8,true,true,232,255,330,0,191
XM01-535,雑貨,神奈川県川崎市,286,213,24,673,0.4,false,true,0,419,336,90,192
XY05-378,玩具,神奈川県川崎市,250,180,120,369,1.7,false,false,562,1003,360,0,193
XY13-356,工具,東京都渋谷区,330,255,30,661,0.4,false,true,232,915,360,90,194
XM01-481,医薬品,大阪府大阪市,286,213,24,672,0.4,false,true,0,419,360,90,195
XY13-094,医薬品,東京都品川区,330,255,30,549,0.7,false,true,967,305,360,0,196
XY13-402,飲料,東京都港区,330,255,30,971,0.8,true,true,232,255,360,0,197
XM01-463,食品,東京都渋谷区,286,213,24,669,0.4,false,true,0,419,384,90,198
XY13-276,食品,東京都品川区,330,255,30,657,0.4,false,true,232,915,390,90,199
XY05-888,家具,東京都渋谷区,250,180,120,457,1.3,false,true,967,560,390,0,200
XY13-089,工具,北海道札幌市,330,255,30,548,0.7,false,true,967,305,390,0,201
XY13-291,化粧品,神奈川県川崎市,330,255,30,970,0.8,true,false,232,255,390,0,202
XM01-458,電化製品,福岡県福岡市,286,213,24,668,0.4,false,true,0,419,408,90,203
XY05-520,医薬品,福岡県福岡市,250,180,120,968,0.9,true,true,0,133,408,90,204
X08-606,雑貨,神奈川県川崎市,315,245,105,278,2.8,false,true,232,3150,420,90,205
X08-186,ペット用品,福岡県福岡市,315,245,105,316,2.2,false,true,232,2835,420,90,206
X08-746,家具,神奈川県横浜市,315,245,105,379,1.7,false,true,232,2520,420,90,207
X08-594,食品,神奈川県横浜市,315,245,105,398,1.6,false,true,232,2205,420,90,208
X08-414,食品,東京都品川区,315,245,105,411,1.5,false,true,232,1890,420,90,209
X08-260,書籍,埼玉県さいたま市,315,245,105,450,1.3,false,true,232,1575,420,90,210
X08-020,家具,東京都新宿区,315,245,105,297,2.5,false,true,967,1550,420,0,211
X08-648,衣類,神奈川県横浜市,315,245,105,335,2,false,true,967,1305,420,0,212
X08-973,日用品,東京都品川区,315,245,105,352,1.9,false,true,967,1060,420,0,213
XY13-210,書籍,東京都目黒区,330,255,30,653,0.4,false,true,232,915,420,90,214
XY13-079,書籍,大阪府大阪市,330,255,30,547,0.7,false,true,967,305,420,0,215
X08-790,玩具,東京都目黒区,315,245,105,962,1.3,true,true,232,255,420,0,216
XY05-628,玩具,東京都目黒区,250,180,120,489,1,false,true,562,790,432,0,217
XM01-450,衣類,東京都品川区,286,213,24,666,0.4,false,true,0,419,432,90,218
XY05-168,化粧品,東京都港区,250,180,120,504,0.9,false,true,232,0,444,0,219
XY05-247,日用品,東京都目黒区,250,180,120,474,1.1,false,true,232,1245,450,0,220
XY13-080,医薬品,東京都目黒区,330,255,30,643,0.4,false,true,232,915,450,90,221
XY05-240,化粧品,神奈川県川崎市,250,180,120,423,1.4,false,true,967,815,450,0,222
XY13-059,食品,北海道札幌市,330,255,30,546,0.7,false,true,967,305,450,0,223
XM01-438,書籍,東京都渋谷区,286,213,24,664,0.4,false,true,0,419,456,90,224
XY05-278,スポーツ用品,東京都渋谷区,250,180,120,357,1.8,false,false,562,1003,480,0,225
XY13-027,雑貨,埼玉県さいたま市,330,255,30,640,0.4,false,true,232,915,480,90,226
XM01-348,衣類,千葉県千葉市,286,213,24,660,0.4,false,true,0,419,480,90,227
XY13-051,衣類,東京都品川区,330,255,30,545,0.7,false,true,967,305,480,0,228
XM01-322,家具,埼玉県さいたま市,286,213,24,659,0.4,false,true,0,419,504,90,229
X11-874,飲料,千葉県千葉市,405,305,255,183,8.1,false,true,1372,3810,510,90,230
X11-475,書籍,福岡県福岡市,405,305,255,157,8.7,false,true,967,3660,510,90,231
X11-071,食品,千葉県千葉市,405,305,255,170,8.4,false,true,967,3255,510,90,232
X11-682,工具,福岡県福岡市,405,305,255,226,7,false,true,967,2850,510,90,233
X11-529,雑貨,福岡県福岡市,405,305,255,240,6.2,false,true,967,2445,510,90,234
X11-236,書籍,東京都目黒区,405,305,255,261,5.1,false,true,967,2040,510,90,235
X11-382,飲料,神奈川県川崎市,405,305,255,233,6.6,false,false,1372,1565,510,0,236
X11-562,医薬品,埼玉県さいたま市,405,305,255,247,5.7,false,true,1372,1260,510,0,237
X11-259,飲料,大阪府大阪市,405,305,255,254,5.5,false,true,1372,955,510,0,238
XY13-906,飲料,千葉県千葉市,330,255,30,633,0.5,false,true,232,915,510,90,239
X11-814,食品,東京都目黒区,405,305,255,268,4.8,false,true,1372,650,510,0,240
XY05-818,日用品,千葉県千葉市,250,180,120,456,1.3,false,true,967,560,510,0,241
X11-250,書籍,大阪府大阪市,405,305,255,939,5.8,true,true,232,510,510,90,242
XY13-021,電化製品,東京都目黒区,330,255,30,544,0.7,false,false,967,305,510,0,243
X11-699,食品,東京都渋谷区,405,305,255,931,7.5,true,true,562,0,510,0,244
X11-457,医薬品,東京都品川区,405,305,255,924,9.4,true,true,967,0,510,0,245
X08-587,玩具,北海道札幌市,315,245,105,277,2.8,false,true,232,3150,525,90,246
X08-135,ペット用品,東京都品川区,315,245,105,315,2.2,false,true,232,2835,525,90,247
X08-740,家具,東京都目黒区,315,245,105,378,1.7,false,true,232,2520,525,90,248
X08-571,工具,埼玉県さいたま市,315,245,105,396,1.6,false,true,232,2205,525,90,249
XY05-134,スポーツ用品,愛知県名古屋市,250,180,120,408,1.5,false,true,232,1890,525,90,250
X08-011,雑貨,東京都新宿区,315,245,105,444,1.3,false,true,232,1575,525,90,251
X08-910,衣類,東京都港区,315,245,105,296,2.6,false,true,967,1550,525,0,252
X08-627,家具,東京都港区,315,245,105,334,2,false,true,967,1305,525,0,253
X08-929,スポーツ用品,埼玉県さいたま市,315,245,105,351,1.9,false,true,967,1060,525,0,254
X08-907,衣類,東京都渋谷区,315,245,105,951,1.6,true,false,232,255,525,0,255
XM01-299,雑貨,千葉県千葉市,286,213,24,658,0.4,false,true,0,419,528,90,256
XY05-200,家具,福岡県福岡市,250,180,120,966,1,true,true,0,133,528,90,257
XY13-795,医薬品,神奈川県川崎市,330,255,30,631,0.5,false,true,232,915,540,90,258
XY13-991,日用品,東京都渋谷区,330,255,30,543,0.8,false,true,967,305,540,0,259
X11-937,ペット用品,東京都港区,405,305,255,205,7.6,false,true,1372,2840,550,90,260
XY05-401,ペット用品,愛知県名古屋市,250,180,120,488,1,false,true,562,790,552,0,261
XM01-265,医薬品,東京都港区,286,213,24,656,0.4,false,true,0,419,552,90,262
XY05-162,食品,東京都品川区,250,180,120,503,0.9,false,true,232,0,564,0,263
XY05-242,飲料,大阪府大阪市,250,180,120,473,1.1,false,true,232,1245,570,0,264
XY13-792,文具,東京都渋谷区,330,255,30,630,0.5,false,true,232,915,570,90,265
XY05-196,文具,福岡県福岡市,250,180,120,422,1.4,false,true,967,815,570,0,266
XY13-941,衣類,福岡県福岡市,330,255,30,542,0.8,false,true,967,305,570,0,267
XM01-246,玩具,福岡県福岡市,286,213,24,655,0.4,false,true,0,419,576,90,268
X12-148,書籍,千葉県千葉市,485,325,295,201,7.6,false,true,1372,3325,590,90,269
X12-543,化粧品,神奈川県川崎市,485,325,295,212,7.4,false,true,1372,2355,590,90,270
X11-849,玩具,大阪府大阪市,405,305,255,219,7.3,false,true,1372,1870,590,90,271
X12-561,スポーツ用品,大阪府大阪市,485,325,295,909,15,true,true,1372,325,590,0,272
X12-255,化粧品,東京都港区,485,325,295,914,11.6,true,true,562,305,590,90,273
X11-750,家具,東京都港区,405,305,255,917,11,true,true,1372,0,590,0,274
XY05-194,衣類,埼玉県さいたま市,250,180,120,355,1.8,false,false,562,1003,600,0,275
XY13-700,ペット用品,大阪府大阪市,330,255,30,625,0.5,false,true,232,915,600,90,276
XM01-189,ペット用品,東京都渋谷区,286,213,24,651,0.4,false,true,0,419,600,90,277
XY13-928,工具,東京都目黒区,330,255,30,540,0.8,false,true,967,305,600,0,278
XM01-155,玩具,東京都渋谷区,286,213,24,649,0.4,false,true,0,419,624,90,279
X08-547,雑貨,北海道札幌市,315,245,105,276,2.8,false,true,232,3150,630,90,280
X08-964,家具,東京都新宿区,315,245,105,313,2.3,false,true,232,2835,630,90,281
X08-737,書籍,神奈川県川崎市,315,245,105,377,1.7,false,true,232,2520,630,90,282
X08-352,雑貨,埼玉県さいたま市,315,245,105,390,1.6,false,true,232,2205,630,90,283
X08-978,雑貨,埼玉県さいたま市,315,245,105,443,1.4,false,true,232,1575,630,90,284
X08-832,工具,埼玉県さいたま市,315,245,105,295,2.6,false,true,967,1550,630,0,285
X08-601,化粧品,愛知県名古屋市,315,245,105,333,2,false,true,967,1305,630,0,286
X08-871,家具,東京都新宿区,315,245,105,350,1.9,false,false,967,1060,630,0,287
XY13-662,工具,東京都品川区,330,255,30,622,0.5,false,true,232,915,630,90,288
XY05-786,雑貨,東京都品川区,250,180,120,455,1.3,false,true,967,560,630,0,289
XY13-914,日用品,神奈川県横浜市,330,255,30,539,0.8,false,true,967,305,630,0,290
X08-657,日用品,愛知県名古屋市,315,245,105,950,1.6,true,true,232,255,630,0,291
XY05-090,玩具,東京都港区,250,180,120,407,1.5,false,true,232,1890,645,90,292
XM01-133,家具,東京都渋谷区,286,213,24,648,0.4,false,true,0,419,648,90,293
XY05-736,文具,北海道札幌市,250,180,120,965,1.1,true,true,0,133,648,90,294
XY13-646,衣類,東京都港区,330,255,30,620,0.5,false,true,232,915,660,90,295
XY13-753,文具,東京都新宿区,330,255,30,537,0.8,false,true,967,305,660,0,296
XY05-271,飲料,東京都品川区,250,180,120,487,1,false,true,562,790,672,0,297
XM01-130,雑貨,福岡県福岡市,286,213,24,647,0.4,false,true,0,419,672,90,298
XY05-149,スポーツ用品,神奈川県川崎市,250,180,120,502,0.9,false,true,232,0,684,0,299
XY05-136,ペット用品,神奈川県横浜市,250,180,120,472,1.1,false,true,232,1245,690,0,300
XY13-641,電化製品,福岡県福岡市,330,255,30,619,0.5,false,true,232,915,690,90,301
XY05-158,工具,東京都品川区,250,180,120,421,1.4,false,true,967,815,690,0,302
XY13-735,飲料,東京都渋谷区,330,255,30,535,0.8,false,true,967,305,690,0,303
XM01-107,電化製品,東京都目黒区,286,213,24,646,0.4,false,true,0,419,696,90,304
XY05-467,化粧品,埼玉県さいたま市,250,180,120,344,1.9,false,true,562,1003,720,0,305
XY13-632,書籍,神奈川県横浜市,330,255,30,618,0.5,false,true,232,915,720,90,306
XM01-086,書籍,東京都港区,286,213,24,645,0.4,false,true,0,419,720,90,307
XY13-733,玩具,東京都目黒区,330,255,30,534,0.8,false,false,967,305,720,0,308
X08-377,家具,大阪府大阪市,315,245,105,275,2.8,false,true,232,3150,735,90,309
X08-741,玩具,北海道札幌市,315,245,105,312,2.3,false,true,232,2835,735,90,310
X08-681,家具,千葉県千葉市,315,245,105,375,1.7,false,true,232,2520,735,90,311
XY05-320,書籍,東京都港区,250,180,120,389,1.6,false,true,232,2205,735,90,312
X08-961,電化製品,千葉県千葉市,315,245,105,442,1.4,false,true,232,1575,735,90,313
X08-503,スポーツ用品,千葉県千葉市,315,245,105,294,2.6,false,true,967,1550,735,0,314
X08-455,雑貨,東京都新宿区,315,245,105,332,2,false,true,967,1305,735,0,315
X08-848,化粧品,神奈川県横浜市,315,245,105,349,1.9,false,true,967,1060,735,0,316
X08-077,文具,千葉県千葉市,315,245,105,949,1.6,true,true,232,255,735,0,317
XM01-082,衣類,東京都渋谷区,286,213,24,644,0.4,false,true,0,419,744,90,318
XY13-546,玩具,東京都目黒区,330,255,30,614,0.5,false,true,232,915,750,90,319
XY05-585,スポーツ用品,福岡県福岡市,250,180,120,454,1.3,false,true,967,560,750,0,320
XY13-718,衣類,北海道札幌市,330,255,30,533,0.8,false,true,967,305,750,0,321
X11-160,電化製品,福岡県福岡市,405,305,255,182,8.1,false,true,1372,3810,765,90,322
X11-248,スポーツ用品,東京都品川区,405,305,255,154,8.7,false,true,967,3660,765,90,323
X11-044,飲料,東京都渋谷区,405,305,255,169,8.4,false,true,967,3255,765,90,324
X11-633,工具,東京都渋谷区,405,305,255,225,7,false,true,967,2850,765,90,325
X11-589,スポーツ用品,東京都品川区,405,305,255,238,6.3,false,true,967,2445,765,90,326
X11-605,化粧品,千葉県千葉市,405,305,255,260,5.3,false,true,967,2040,765,90,327
XY05-959,衣類,愛知県名古屋市,250,180,120,406,1.6,false,true,232,1890,765,90,328
X11-138,雑貨,埼玉県さいたま市,405,305,255,232,6.7,false,false,1372,1565,765,0,329
X11-471,日用品,福岡県福岡市,405,305,255,246,5.8,false,true,1372,1260,765,0,330
X11-802,衣類,神奈川県川崎市,405,305,255,253,5.6,false,true,1372,955,765,0,331
X11-727,飲料,東京都品川区,405,305,255,267,4.9,false,true,1372,650,765,0,332
X11-918,食品,北海道札幌市,405,305,255,938,6.1,true,true,232,510,765,90,333
X11-487,工具,東京都港区,405,305,255,930,7.6,true,true,562,0,765,0,334
X11-300,電化製品,東京都品川区,405,305,255,923,9.6,true,false,967,0,765,0,335
XM01-058,文具,埼玉県さいたま市,286,213,24,642,0.4,false,true,0,419,768,90,336
XY05-395,化粧品,神奈川県川崎市,250,180,120,964,1.1,true,true,0,133,768,90,337
XY13-497,食品,愛知県名古屋市,330,255,30,612,0.5,false,true,232,915,780,90,338
XY13-622,ペット用品,東京都新宿区,330,255,30,532,0.8,false,true,967,305,780,0,339
XY05-245,飲料,北海道札幌市,250,180,120,486,1,false,true,562,790,792,0,340
XM01-037,スポーツ用品,東京都品川区,286,213,24,641,0.4,false,true,0,419,792,90,341
XY05-123,医薬品,神奈川県横浜市,250,180,120,500,0.9,false,true,232,0,804,0,342
X11-548,スポーツ用品,神奈川県川崎市,405,305,255,203,7.6,false,true,1372,2840,805,90,343
XY05-126,飲料,東京都渋谷区,250,180,120,471,1.1,false,true,232,1245,810,0,344
XY13-333,日用品,大阪府大阪市,330,255,30,600,0.5,false,true,232,915,810,90,345
XY05-101,工具,東京都渋谷区,250,180,120,420,1.4,false,true,967,815,810,0,346
XY13-615,電化製品,東京都品川区,330,255,30,531,0.8,false,false,967,305,810,0,347
XM01-1007,衣類,大阪府大阪市,286,213,24,637,0.5,false,true,0,419,816,90,348
X08-067,衣類,東京都渋谷区,315,245,105,273,2.8,false,true,232,3150,840,90,349
X08-306,電化製品,神奈川県川崎市,315,245,105,311,2.3,false,true,232,2835,840,90,350
X08-566,化粧品,北海道札幌市,315,245,105,373,1.7,false,true,232,2520,840,90,351
X08-826,スポーツ用品,神奈川県横浜市,315,245,105,437,1.4,false,true,232,1575,840,90,352
X08-453,日用品,福岡県福岡市,315,245,105,293,2.6,false,true,967,1550,840,0,353
X08-238,衣類,愛知県名古屋市,315,245,105,331,2,false,true,967,1305,840,0,354
X08-698,スポーツ用品,東京都港区,315,245,105,347,1.9,false,false,967,1060,840,0,355
XY13-272,雑貨,福岡県福岡市,330,255,30,597,0.5,false,true,232,915,840,90,356
XM01-984,書籍,北海道札幌市,286,213,24,636,0.5,false,true,0,419,840,90,357
XY13-556,工具,東京都新宿区,330,255,30,530,0.8,false,true,967,305,840,0,358
X08-835,化粧品,東京都港区,315,245,105,948,1.8,true,false,232,255,840,0,359
X11-784,文具,東京都品川区,405,305,255,218,7.3,false,true,1372,1870,845,90,360
XM01-310,飲料,北海道札幌市,286,213,24,774,0.2,false,true,1372,0,845,0,361
XY05-298,文具,北海道札幌市,250,180,120,388,1.6,false,true,232,2205,855,90,362
XM01-982,ペット用品,東京都港区,286,213,24,635,0.5,false,true,0,419,864,90,363
XM01-231,工具,東京都渋谷区,286,213,24,765,0.2,false,false,1372,0,869,0,364
XY13-145,日用品,東京都品川区,330,255,30,595,0.5,false,true,232,915,870,90,365
XY05-230,医薬品,大阪府大阪市,250,180,120,449,1.3,false,true,967,560,870,0,366
XY13-476,医薬品,埼玉県さいたま市,330,255,30,528,0.8,false,true,967,305,870,0,367
X12-501,雑貨,東京都渋谷区,485,325,295,200,7.7,false,true,1372,3325,885,90,368
X12-485,医薬品,東京都港区,485,325,295,211,7.4,false,true,1372,2355,885,90,369
XY05-765,化粧品,神奈川県川崎市,250,180,120,403,1.6,false,true,232,1890,885,90,370
X12-297,医薬品,東京都品川区,485,325,295,908,15.8,true,true,1372,325,885,0,371
X12-324,家具,北海道札幌市,485,325,295,913,11.8,true,true,562,305,885,90,372
XM01-936,家具,埼玉県さいたま市,286,213,24,634,0.5,false,true,0,419,888,90,373
XY05-224,医薬品,東京都品川区,250,180,120,963,1.1,true,true,0,133,888,90,374
XM01-1003,衣類,神奈川県川崎市,286,213,24,743,0.3,false,true,1372,0,893,0,375
XY13-119,日用品,千葉県千葉市,330,255,30,594,0.5,false,true,232,915,900,90,376
XY13-464,玩具,神奈川県横浜市,330,255,30,527,0.8,false,true,967,305,900,0,377
XY05-043,スポーツ用品,福岡県福岡市,250,180,120,485,1,false,true,562,790,912,0,378
XM01-720,電化製品,東京都渋谷区,286,213,24,628,0.5,false,true,0,419,912,90,379
XM01-976,電化製品,東京都港区,286,213,24,742,0.3,false,true,1372,0,917,0,380
XY05-068,電化製品,神奈川県川崎市,250,180,120,499,0.9,false,true,232,0,924,0,381
XY05-965,文具,東京都品川区,250,180,120,470,1.2,false,true,232,1245,930,0,382
XY13-115,玩具,東京都目黒区,330,255,30,593,0.5,false,true,232,915,930,90,383
XY05-951,医薬品,東京都港区,250,180,120,419,1.5,false,true,967,815,930,0,384
XY13-346,家具,愛知県名古屋市,330,255,30,526,0.8,false,true,967,305,930,0,385
XM01-716,ペット用品,東京都品川区,286,213,24,627,0.5,false,true,0,419,936,90,386
XM01-968,電化製品,福岡県福岡市,286,213,24,741,0.3,false,true,1372,0,941,0,387
X08-004,飲料,神奈川県横浜市,315,245,105,271,2.8,false,true,232,3150,945,90,388
X08-078,飲料,大阪府大阪市,315,245,105,310,2.3,false,true,232,2835,945,90,389
X08-218,工具,神奈川県横浜市,315,245,105,368,1.7,false,true,232,2520,945,90,390
XY05-801,食品,愛知県名古屋市,250,180,120,435,1.4,false,true,232,1575,945,90,391
X08-386,工具,福岡県福岡市,315,245,105,292,2.6,false,true,967,1550,945,0,392
X08-850,玩具,東京都品川区,315,245,105,330,2.1,false,true,967,1305,945,0,393
X08-626,衣類,神奈川県川崎市,315,245,105,346,1.9,false,true,967,1060,945,0,394
X08-411,電化製品,神奈川県横浜市,315,245,105,947,1.8,true,true,232,255,945,0,395
XY13-085,日用品,神奈川県川崎市,330,255,30,592,0.5,false,true,232,915,960,90,396
XM01-690,化粧品,千葉県千葉市,286,213,24,624,0.5,false,true,0,419,960,90,397
XY13-314,医薬品,大阪府大阪市,330,255,30,525,0.8,false,true,967,305,960,0,398
XM01-962,玩具,埼玉県さいたま市,286,213,24,740,0.3,false,true,1372,0,965,0,399
XY05-261,医薬品,東京都新宿区,250,180,120,385,1.6,false,true,232,2205,975,90,400
XM01-600,日用品,福岡県福岡市,286,213,24,617,0.5,false,true,0,419,984,90,401
XM01-923,ペット用品,東京都港区,286,213,24,739,0.3,false,true,1372,0,989,0,402
XY13-015,電化製品,愛知県名古屋市,330,255,30,589,0.5,false,true,232,915,990,90,403
XY05-190,玩具,埼玉県さいたま市,250,180,120,448,1.3,false,true,967,560,990,0,404
XY13-296,食品,東京都渋谷区,330,255,30,524,0.8,false,true,967,305,990,0,405
XY05-661,文具,東京都新宿区,250,180,120,400,1.6,false,true,232,1890,1005,90,406
XM01-569,ペット用品,神奈川県川崎市,286,213,24,616,0.5,false,true,0,419,1008,90,407
XY05-778,食品,東京都新宿区,250,180,120,961,1.3,true,true,0,133,1008,90,408
XM01-922,飲料,東京都新宿区,286,213,24,738,0.3,false,true,1372,0,1013,0,409
X11-146,スポーツ用品,埼玉県さいたま市,405,305,255,178,8.2,false,true,1372,3810,1020,90,410
X11-858,食品,福岡県福岡市,405,305,255,151,8.8,false,true,967,3660,1020,90,411
X11-908,ペット用品,東京都目黒区,405,305,255,167,8.5,false,true,967,3255,1020,90,412
X11-555,文具,千葉県千葉市,405,305,255,224,7,false,true,967,2850,1020,90,413
X11-294,ペット用品,東京都港区,405,305,255,237,6.4,false,true,967,2445,1020,90,414
X11-708,医薬品,北海道札幌市,405,305,255,259,5.4,false,true,967,2040,1020,90,415
X11-868,書籍,東京都新宿区,405,305,255,231,6.8,false,true,1372,1565,1020,0,416
X11-807,化粧品,東京都新宿区,405,305,255,245,5.9,false,true,1372,1260,1020,0,417
X11-393,衣類,北海道札幌市,405,305,255,252,5.6,false,true,1372,955,1020,0,418
XY13-009,飲料,東京都新宿区,330,255,30,588,0.5,false,true,232,915,1020,90,419
X11-495,工具,大阪府大阪市,405,305,255,266,4.9,false,true,1372,650,1020,0,420
X11-262,工具,千葉県千葉市,405,305,255,937,6.5,true,true,232,510,1020,90,421
XY13-202,日用品,東京都品川区,330,255,30,523,0.8,false,false,967,305,1020,0,422
X11-187,家具,神奈川県横浜市,405,305,255,929,8.2,true,true,562,0,1020,0,423
X11-793,医薬品,大阪府大阪市,405,305,255,922,9.7,true,true,967,0,1020,0,424
XY05-974,化粧品,東京都品川区,250,180,120,484,1.1,false,true,562,790,1032,0,425
XM01-565,化粧品,大阪府大阪市,286,213,24,615,0.5,false,true,0,419,1032,90,426
XM01-915,ペット用品,東京都目黒区,286,213,24,737,0.3,false,true,1372,0,1037,0,427
XY05-065,工具,愛知県名古屋市,250,180,120,498,0.9,false,true,232,0,1044,0,428
X08-452,化粧品,千葉県千葉市,315,245,105,308,2.4,false,true,232,2835,1050,90,429
X08-981,玩具,東京都目黒区,315,245,105,366,1.8,false,true,232,2520,1050,90,430
X08-249,日用品,東京都目黒区,315,245,105,291,2.6,false,true,967,1550,1050,0,431
X08-599,家具,東京都渋谷区,315,245,105,329,2.1,false,true,967,1305,1050,0,432
XY05-938,日用品,福岡県福岡市,250,180,120,469,1.2,false,true,232,1245,1050,0,433
X08-623,衣類,大阪府大阪市,315,245,105,345,1.9,false,true,967,1060,1050,0,434
XY13-987,飲料,大阪府大阪市,330,255,30,587,0.6,false,true,232,915,1050,90,435
XY05-856,日用品,愛知県名古屋市,250,180,120,417,1.5,false,true,967,815,1050,0,436
XY13-180,雑貨,北海道札幌市,330,255,30,522,0.8,false,true,967,305,1050,0,437
X08-042,飲料,大阪府大阪市,315,245,105,946,1.9,true,true,232,255,1050,0,438
XM01-489,化粧品,福岡県福岡市,286,213,24,611,0.5,false,true,0,419,1056,90,439
X11-415,スポーツ用品,東京都港区,405,305,255,199,7.7,false,true,1372,2840,1060,90,440
XM01-902,雑貨,東京都渋谷区,286,213,24,736,0.3,false,false,1372,0,1061,0,441
XY05-707,飲料,神奈川県川崎市,250,180,120,434,1.4,false,true,232,1575,1065,90,442
XY13-983,工具,神奈川県横浜市,330,255,30,586,0.6,false,true,232,915,1080,90,443
XM01-488,医薬品,東京都新宿区,286,213,24,610,0.5,false,true,0,419,1080,90,444
XY13-131,玩具,東京都港区,330,255,30,521,0.8,false,true,967,305,1080,0,445
XM01-877,スポーツ用品,福岡県福岡市,286,213,24,735,0.3,false,true,1372,0,1085,0,446
XY05-252,化粧品,東京都目黒区,250,180,120,384,1.6,false,true,232,2205,1095,90,447
X11-329,工具,福岡県福岡市,405,305,255,215,7.3,false,true,1372,1870,1100,90,448
XM01-474,雑貨,千葉県千葉市,286,213,24,609,0.5,false,true,0,419,1104,90,449
XM01-785,医薬品,福岡県福岡市,286,213,24,734,0.3,false,true,1372,0,1109,0,450
XY13-829,スポーツ用品,千葉県千葉市,330,255,30,585,0.6,false,true,232,915,1110,90,451
XY05-140,家具,神奈川県川崎市,250,180,120,446,1.3,false,false,967,560,1110,0,452
XY13-114,食品,千葉県千葉市,330,255,30,520,0.8,false,true,967,305,1110,0,453
XY05-602,スポーツ用品,東京都新宿区,250,180,120,399,1.6,false,true,232,1890,1125,90,454
XM01-460,医薬品,東京都港区,286,213,24,607,0.5,false,true,0,419,1128,90,455
XY05-215,食品,東京都品川区,250,180,120,959,1.3,true,true,0,133,1128,90,456
XM01-757,玩具,福岡県福岡市,286,213,24,733,0.3,false,true,1372,0,1133,0,457
XY13-773,家具,埼玉県さいたま市,330,255,30,584,0.6,false,true,232,915,1140,90,458
XY13-103,化粧品,東京都品川区,330,255,30,519,0.8,false,true,967,305,1140,0,459
XY05-825,雑貨,埼玉県さいたま市,250,180,120,483,1.1,false,true,562,790,1152,0,460
XM01-412,文具,東京都港区,286,213,24,605,0.5,false,true,0,419,1152,90,461
X08-112,電化製品,東京都渋谷区,315,245,105,307,2.4,false,true,232,2835,1155,90,462
X08-789,書籍,北海道札幌市,315,245,105,365,1.8,false,true,232,2520,1155,90,463
X08-152,飲料,愛知県名古屋市,315,245,105,290,2.6,false,true,967,1550,1155,0,464
X08-528,ペット用品,東京都品川区,315,245,105,328,2.1,false,true,967,1305,1155,0,465
X08-195,文具,東京都新宿区,315,245,105,343,1.9,false,true,967,1060,1155,0,466
X08-717,衣類,福岡県福岡市,315,245,105,945,2,true,true,232,255,1155,0,467
XM01-755,工具,埼玉県さいたま市,286,213,24,732,0.3,false,true,1372,0,1157,0,468
XY05-026,工具,東京都港区,250,180,120,497,0.9,false,true,232,0,1164,0,469
XY05-855,家具,東京都目黒区,250,180,120,468,1.2,false,true,232,1245,1170,0,470
XY13-754,化粧品,北海道札幌市,330,255,30,583,0.6,false,true,232,915,1170,90,471
XY05-836,家具,北海道札幌市,250,180,120,416,1.5,false,true,967,815,1170,0,472
XY13-063,スポーツ用品,神奈川県横浜市,330,255,30,518,0.8,false,true,967,305,1170,0,473
XM01-363,雑貨,福岡県福岡市,286,213,24,603,0.5,false,true,0,419,1176,90,474
X12-449,スポーツ用品,福岡県福岡市,485,325,295,195,7.8,false,true,1372,3325,1180,90,475
X11-217,工具,東京都港区,405,305,255,210,7.4,false,true,1372,2355,1180,90,476
XM01-470,家具,東京都港区,286,213,24,793,0.2,false,true,1372,325,1180,0,477
XM02-064,食品,東京都新宿区,232,133,22,748,0.2,false,true,1658,325,1180,90,478
X12-859,家具,埼玉県さいたま市,485,325,295,912,12.3,true,true,562,305,1180,90,479
XM01-678,家具,大阪府大阪市,286,213,24,731,0.3,false,true,1372,0,1181,0,480
XY05-677,衣類,埼玉県さいたま市,250,180,120,433,1.4,false,true,232,1575,1185,90,481
XY13-672,衣類,東京都渋谷区,330,255,30,582,0.6,false,true,232,915,1200,90,482
XM01-360,文具,東京都新宿区,286,213,24,602,0.5,false,true,0,419,1200,90,483
XY05-933,書籍,北海道札幌市,250,180,120,516,0.9,false,true,967,305,1200,0,484
XM02-050,雑貨,神奈川県川崎市,232,133,22,747,0.2,false,true,1658,325,1202,90,485
XM01-445,家具,東京都品川区,286,213,24,790,0.2,false,true,1372,325,1204,0,486
XM01-676,ペット用品,東京都目黒区,286,213,24,730,0.3,false,true,1372,0,1205,0,487
XY05-994,日用品,福岡県福岡市,250,180,120,382,1.7,false,true,232,2205,1215,90,488
XM01-344,衣類,東京都品川区,286,213,24,601,0.5,false,true,0,419,1224,90,489
XM02-038,書籍,福岡県福岡市,232,133,22,746,0.2,false,true,1658,325,1224,90,490
XM02-425,医薬品,北海道札幌市,232,133,22,785,0.2,false,true,1372,325,1228,0,491
XM01-673,衣類,東京都新宿区,286,213,24,729,0.3,false,true,1372,0,1229,0,492
XY13-670,文具,東京都品川区,330,255,30,581,0.6,false,true,232,915,1230,90,493
XY05-132,書籍,埼玉県さいたま市,250,180,120,445,1.3,false,true,967,560,1230,0,494
XY05-593,化粧品,福岡県福岡市,250,180,120,397,1.6,false,true,232,1890,1245,90,495
XM02-003,衣類,北海道札幌市,232,133,22,745,0.2,false,true,1658,325,1246,90,496
XM01-319,文具,東京都渋谷区,286,213,24,599,0.5,false,true,0,419,1248,90,497
XY05-560,化粧品,神奈川県川崎市,250,180,120,958,1.4,true,true,0,133,1248,90,498
XM02-413,電化製品,千葉県千葉市,232,133,22,784,0.2,false,true,1372,325,1250,0,499
XM01-658,ペット用品,愛知県名古屋市,286,213,24,728,0.3,false,true,1372,0,1253,0,500
X08-084,工具,福岡県福岡市,315,245,105,306,2.4,false,true,232,2835,1260,90,501
X08-674,食品,北海道札幌市,315,245,105,363,1.8,false,true,232,2520,1260,90,502
X08-053,電化製品,福岡県福岡市,315,245,105,289,2.6,false,true,967,1550,1260,0,503
X08-440,飲料,神奈川県横浜市,315,245,105,327,2.1,false,true,967,1305,1260,0,504
X08-164,玩具,福岡県福岡市,315,245,105,342,1.9,false,true,967,1060,1260,0,505
XY13-621,衣類,愛知県名古屋市,330,255,30,579,0.6,false,true,232,915,1260,90,506
X08-944,書籍,北海道札幌市,315,245,105,944,2.3,true,true,232,255,1260,0,507
XM02-001,書籍,東京都品川区,232,133,22,744,0.2,false,true,1658,325,1268,90,508
XY05-800,日用品,福岡県福岡市,250,180,120,482,1.1,false,false,562,790,1272,0,509
XM01-288,日用品,埼玉県さいたま市,286,213,24,598,0.5,false,true,0,419,1272,90,510
XM02-410,書籍,東京都品川区,232,133,22,783,0.2,false,false,1372,325,1272,0,511
X11-957,電化製品,東京都新宿区,405,305,255,177,8.3,false,true,1372,3810,1275,90,512
X11-172,ペット用品,大阪府大阪市,405,305,255,150,8.8,false,true,967,3660,1275,90,513
X11-813,医薬品,神奈川県横浜市,405,305,255,165,8.5,false,true,967,3255,1275,90,514
X11-989,飲料,東京都新宿区,405,305,255,223,7.1,false,true,967,2850,1275,90,515
X11-403,スポーツ用品,神奈川県横浜市,405,305,255,236,6.5,false,true,967,2445,1275,90,516
X11-617,雑貨,東京都渋谷区,405,305,255,258,5.4,false,true,967,2040,1275,90,517
X11-337,玩具,千葉県千葉市,405,305,255,230,6.8,false,true,1372,1565,1275,0,518
X11-054,雑貨,東京都品川区,405,305,255,244,5.9,false,true,1372,1260,1275,0,519
X11-390,玩具,愛知県名古屋市,405,305,255,251,5.6,false,true,1372,955,1275,0,520
X11-257,スポーツ用品,北海道札幌市,405,305,255,265,4.9,false,true,1372,650,1275,0,521
X11-893,雑貨,東京都目黒区,405,305,255,936,7.3,true,true,232,510,1275,90,522
X11-533,文具,神奈川県横浜市,405,305,255,928,9,true,true,562,0,1275,0,523
X11-947,ペット用品,愛知県名古屋市,405,305,255,920,9.9,true,true,967,0,1275,0,524
XM01-582,書籍,埼玉県さいたま市,286,213,24,727,0.3,false,true,1372,0,1277,0,525
XY05-1002,スポーツ用品,大阪府大阪市,250,180,120,495,1,false,true,232,0,1284,0,526
XY05-822,雑貨,埼玉県さいたま市,250,180,120,467,1.2,false,true,232,1245,1290,0,527
XY13-586,文具,大阪府大阪市,330,255,30,578,0.6,false,true,232,915,1290,90,528
XY05-756,家具,東京都目黒区,250,180,120,415,1.5,false,true,967,815,1290,0,529
XM02-407,日用品,東京都新宿区,232,133,22,782,0.2,false,true,1372,325,1294,0,530
XM01-267,ペット用品,東京都目黒区,286,213,24,596,0.5,false,true,0,419,1296,90,531
XM01-553,雑貨,大阪府大阪市,286,213,24,726,0.3,false,true,1372,0,1301,0,532
XY05-624,医薬品,神奈川県川崎市,250,180,120,432,1.4,false,true,232,1575,1305,90,533
X11-263,スポーツ用品,東京都品川区,405,305,255,197,7.7,false,true,1372,2840,1315,90,534
XM02-394,玩具,北海道札幌市,232,133,22,781,0.2,false,true,1372,325,1316,0,535
XY13-579,工具,東京都目黒区,330,255,30,577,0.6,false,true,232,915,1320,90,536
XM01-061,スポーツ用品,東京都新宿区,286,213,24,591,0.5,false,true,0,419,1320,90,537
XY05-730,家具,東京都品川区,250,180,120,514,0.9,false,true,967,305,1320,0,538
XM01-545,家具,東京都渋谷区,286,213,24,725,0.3,false,true,1372,0,1325,0,539
XY05-788,医薬品,神奈川県川崎市,250,180,120,381,1.7,false,true,232,2205,1335,90,540
XM02-384,スポーツ用品,東京都新宿区,232,133,22,780,0.2,false,true,1372,325,1338,0,541
XM01-029,衣類,東京都港区,286,213,24,590,0.5,false,true,0,419,1344,90,542
XM01-521,衣類,千葉県千葉市,286,213,24,724,0.3,false,true,1372,0,1349,0,543
XY13-563,飲料,東京都渋谷区,330,255,30,576,0.6,false,true,232,915,1350,90,544
XY05-905,飲料,大阪府大阪市,250,180,120,441,1.4,false,true,967,560,1350,0,545
X11-956,電化製品,埼玉県さいたま市,405,305,255,214,7.4,false,true,1372,1870,1355,90,546
XM02-371,文具,東京都品川区,232,133,22,779,0.2,false,true,1372,325,1360,0,547
X08-031,医薬品,千葉県千葉市,315,245,105,305,2.4,false,true,232,2835,1365,90,548
XY05-642,食品,神奈川県横浜市,250,180,120,362,1.8,false,true,232,2520,1365,90,549
XY05-527,文具,埼玉県さいたま市,250,180,120,395,1.6,false,true,232,1890,1365,90,550
X08-986,日用品,埼玉県さいたま市,315,245,105,288,2.7,false,true,967,1550,1365,0,551
X08-165,玩具,愛知県名古屋市,315,245,105,326,2.1,false,true,967,1305,1365,0,552
XY05-128,日用品,福岡県福岡市,250,180,120,341,1.9,false,true,967,1060,1365,0,553
X08-279,食品,神奈川県川崎市,315,245,105,943,2.6,true,true,232,255,1365,0,554
XY05-930,ペット用品,東京都品川区,250,180,120,541,0.8,false,true,0,419,1368,90,555
XY05-387,工具,福岡県福岡市,250,180,120,957,1.4,true,true,0,133,1368,90,556
XM01-508,書籍,神奈川県横浜市,286,213,24,723,0.3,false,true,1372,0,1373,0,557
XY13-512,玩具,東京都渋谷区,330,255,30,575,0.6,false,true,232,915,1380,90,558
XM02-362,医薬品,北海道札幌市,232,133,22,778,0.2,false,true,1372,325,1382,0,559
XY05-739,日用品,東京都新宿区,250,180,120,481,1.1,false,true,562,790,1392,0,560
XM01-484,衣類,東京都新宿区,286,213,24,722,0.3,false,true,1372,0,1397,0,561
XM02-355,玩具,福岡県福岡市,232,133,22,777,0.2,false,true,1372,325,1404,0,562
XY05-995,書籍,北海道札幌市,250,180,120,494,1,false,false,232,0,1404,0,563
XY05-660,飲料,福岡県福岡市,250,180,120,466,1.2,false,true,232,1245,1410,0,564
XY13-499,日用品,大阪府大阪市,330,255,30,574,0.6,false,true,232,915,1410,90,565
XY05-612,日用品,愛知県名古屋市,250,180,120,413,1.5,false,true,967,815,1410,0,566
XM01-444,飲料,千葉県千葉市,286,213,24,721,0.3,false,true,1372,0,1421,0,567
XY05-373,玩具,東京都新宿区,250,180,120,428,1.4,false,true,232,1575,1425,90,568
XM02-334,スポーツ用品,神奈川県横浜市,232,133,22,776,0.2,false,true,1372,325,1426,0,569
X11-191,玩具,神奈川県川崎市,405,305,255,209,7.4,false,true,1372,2355,1435,90,570
XY13-405,工具,福岡県福岡市,330,255,30,573,0.6,false,true,232,915,1440,90,571
XY05-558,医薬品,埼玉県さいたま市,250,180,120,510,0.9,false,true,967,305,1440,0,572
XM01-434,スポーツ用品,東京都品川区,286,213,24,720,0.3,false,true,1372,0,1445,0,573
XM02-330,飲料,神奈川県川崎市,232,133,22,775,0.2,false,true,1372,325,1448,0,574
XY05-421,家具,福岡県福岡市,250,180,120,372,1.7,false,true,232,2205,1455,90,575
XM01-428,飲料,東京都渋谷区,286,213,24,719,0.3,false,true,1372,0,1469,0,576
X08-016,衣類,埼玉県さいたま市,315,245,105,304,2.4,false,true,232,2835,1470,90,577
X08-975,工具,神奈川県横浜市,315,245,105,287,2.7,false,true,967,1550,1470,0,578
X08-151,家具,大阪府大阪市,315,245,105,325,2.1,false,true,967,1305,1470,0,579
XY13-311,衣類,埼玉県さいたま市,330,255,30,571,0.6,false,true,232,915,1470,90,580
XY05-895,日用品,東京都港区,250,180,120,440,1.4,false,true,967,560,1470,0,581
XM02-309,家具,東京都渋谷区,232,133,22,773,0.2,false,true,1372,325,1470,0,582
X08-228,衣類,東京都目黒区,315,245,105,942,2.6,true,true,232,255,1470,0,583
X12-137,飲料,大阪府大阪市,485,325,295,194,7.8,false,true,1372,3325,1475,90,584
X12-831,雑貨,神奈川県川崎市,485,325,295,911,12.5,true,true,562,305,1475,90,585
XY05-437,化粧品,神奈川県横浜市,250,180,120,359,1.8,false,true,232,2520,1485,90,586
XY05-526,書籍,神奈川県横浜市,250,180,120,394,1.6,false,true,232,1890,1485,90,587
XY05-125,食品,東京都新宿区,250,180,120,340,1.9,false,true,967,1060,1485,0,588
XY05-803,スポーツ用品,東京都渋谷区,250,180,120,538,0.8,false,true,0,419,1488,90,589
XY05-017,スポーツ用品,神奈川県川崎市,250,180,120,956,1.4,true,true,0,133,1488,90,590
XM02-304,飲料,東京都目黒区,232,133,22,772,0.2,false,true,1372,325,1492,0,591
XM01-397,家具,福岡県福岡市,286,213,24,718,0.3,false,true,1372,0,1493,0,592
XY13-150,書籍,東京都渋谷区,330,255,30,570,0.6,false,true,232,915,1500,90,593
XY05-649,電化製品,神奈川県川崎市,250,180,120,480,1.1,false,true,562,790,1512,0,594
XM02-285,文具,東京都港区,232,133,22,771,0.2,false,true,1372,325,1514,0,595
XM01-354,食品,大阪府大阪市,286,213,24,717,0.3,false,true,1372,0,1517,0,596
XY05-952,医薬品,大阪府大阪市,250,180,120,493,1,false,true,232,0,1524,0,597
X11-896,日用品,愛知県名古屋市,405,305,255,176,8.3,false,true,1372,3810,1530,90,598
X11-687,医薬品,大阪府大阪市,405,305,255,147,9,false,true,967,3660,1530,90,599
X11-365,電化製品,東京都目黒区,405,305,255,161,8.6,false,true,967,3255,1530,90,600
X11-177,化粧品,埼玉県さいたま市,405,305,255,222,7.1,false,true,967,2850,1530,90,601
X11-671,飲料,東京都港区,405,305,255,234,6.6,false,true,967,2445,1530,90,602
X11-199,飲料,千葉県千葉市,405,305,255,257,5.4,false,true,967,2040,1530,90,603
X11-057,工具,愛知県名古屋市,405,305,255,229,6.8,false,false,1372,1565,1530,0,604
X11-867,玩具,千葉県千葉市,405,305,255,243,6,false,false,1372,1260,1530,0,605
XY05-620,書籍,東京都渋谷区,250,180,120,465,1.2,false,true,232,1245,1530,0,606
X11-808,電化製品,愛知県名古屋市,405,305,255,250,5.7,false,true,1372,955,1530,0,607
XY13-074,ペット用品,東京都新宿区,330,255,30,569,0.6,false,true,232,915,1530,90,608
XY05-536,文具,東京都渋谷区,250,180,120,412,1.5,false,true,967,815,1530,0,609
X11-203,食品,神奈川県川崎市,405,305,255,264,4.9,false,true,1372,650,1530,0,610
X11-120,スポーツ用品,東京都港区,405,305,255,935,7.3,true,true,232,510,1530,90,611
X11-178,日用品,神奈川県川崎市,405,305,255,927,9.2,true,true,562,0,1530,0,612
X11-239,食品,北海道札幌市,405,305,255,919,9.9,true,true,967,0,1530,0,613
XM02-280,ペット用品,神奈川県川崎市,232,133,22,770,0.2,false,true,1372,325,1536,0,614
XM01-351,文具,東京都渋谷区,286,213,24,716,0.3,false,true,1372,0,1541,0,615
XY05-364,家具,北海道札幌市,250,180,120,427,1.4,false,true,232,1575,1545,90,616
XM02-269,家具,東京都渋谷区,232,133,22,769,0.2,false,true,1372,325,1558,0,617
XY13-045,玩具,神奈川県横浜市,330,255,30,568,0.6,false,true,232,915,1560,90,618
XY05-318,飲料,東京都目黒区,250,180,120,508,0.9,false,true,967,305,1560,0,619
XM01-349,雑貨,大阪府大阪市,286,213,24,715,0.3,false,true,1372,0,1565,0,620
X11-118,ペット用品,神奈川県川崎市,405,305,255,196,7.7,false,true,1372,2840,1570,90,621
X08-900,ペット用品,東京都港区,315,245,105,303,2.5,false,true,232,2835,1575,90,622
XY05-381,雑貨,埼玉県さいたま市,250,180,120,370,1.7,false,true,232,2205,1575,90,623
X08-934,工具,北海道札幌市,315,245,105,286,2.7,false,false,967,1550,1575,0,624
X08-979,化粧品,福岡県福岡市,315,245,105,324,2.2,false,true,967,1305,1575,0,625
XM01-953,工具,東京都新宿区,286,213,24,852,0.2,false,true,232,255,1575,0,626
XM02-258,飲料,大阪府大阪市,232,133,22,768,0.2,false,false,1372,325,1580,0,627
XM01-345,電化製品,埼玉県さいたま市,286,213,24,714,0.3,false,true,1372,0,1589,0,628
XY13-926,文具,東京都港区,330,255,30,566,0.7,false,true,232,915,1590,90,629
XY05-891,工具,愛知県名古屋市,250,180,120,439,1.4,false,true,967,560,1590,0,630
XM01-920,雑貨,東京都品川区,286,213,24,847,0.2,false,true,232,255,1599,0,631
XM02-244,食品,愛知県名古屋市,232,133,22,767,0.2,false,true,1372,325,1602,0,632
XY05-357,ペット用品,神奈川県横浜市,250,180,120,358,1.8,false,true,232,2520,1605,90,633
XY05-524,電化製品,東京都港区,250,180,120,393,1.6,false,true,232,1890,1605,90,634
XY05-752,工具,東京都港区,250,180,120,536,0.8,false,true,0,419,1608,90,635
XY05-618,ペット用品,東京都目黒区,250,180,120,954,1.5,true,true,0,133,1608,90,636
X11-892,電化製品,神奈川県横浜市,405,305,255,213,7.4,false,true,1372,1870,1610,90,637
XM01-343,飲料,東京都渋谷区,286,213,24,713,0.3,false,true,1372,0,1613,0,638
XY13-913,ペット用品,大阪府大阪市,330,255,30,565,0.7,false,true,232,915,1620,90,639
XM01-863,家具,千葉県千葉市,286,213,24,843,0.2,false,false,232,255,1623,0,640
XM02-232,ペット用品,千葉県千葉市,232,133,22,766,0.2,false,true,1372,325,1624,0,641
XY05-609,食品,愛知県名古屋市,250,180,120,479,1.1,false,true,562,790,1632,0,642
XM01-341,化粧品,北海道札幌市,286,213,24,712,0.3,false,true,1372,0,1637,0,643
XY05-921,医薬品,東京都新宿区,250,180,120,492,1,false,false,232,0,1644,0,644
XM02-227,ペット用品,神奈川県川崎市,232,133,22,764,0.2,false,true,1372,325,1646,0,645
XM01-840,工具,東京都新宿区,286,213,24,839,0.2,false,true,232,255,1647,0,646
XY05-522,玩具,神奈川県川崎市,250,180,120,464,1.2,false,true,232,1245,1650,0,647
XY13-903,書籍,埼玉県さいたま市,330,255,30,564,0.7,false,true,232,915,1650,90,648
XY05-323,化粧品,大阪府大阪市,250,180,120,410,1.5,false,true,967,815,1650,0,649
XM01-303,玩具,福岡県福岡市,286,213,24,711,0.3,false,true,1372,0,1661,0,650
XY05-347,食品,東京都新宿区,250,180,120,426,1.4,false,true,232,1575,1665,90,651
XM02-222,ペット用品,東京都目黒区,232,133,22,763,0.2,false,true,1372,325,1668,0,652
XM01-779,医薬品,東京都品川区,286,213,24,832,0.2,false,true,232,255,1671,0,653
X08-573,飲料,東京都港区,315,245,105,302,2.5,false,true,232,2835,1680,90,654
X08-882,食品,埼玉県さいたま市,315,245,105,285,2.7,false,true,967,1550,1680,0,655
X08-759,文具,東京都目黒区,315,245,105,323,2.2,false,true,967,1305,1680,0,656
XY13-842,玩具,東京都港区,330,255,30,563,0.7,false,true,232,915,1680,90,657
XY05-268,電化製品,千葉県千葉市,250,180,120,506,0.9,false,true,967,305,1680,0,658
XM01-292,雑貨,東京都港区,286,213,24,710,0.3,false,false,1372,0,1685,0,659
X11-374,工具,神奈川県川崎市,405,305,255,207,7.5,false,true,1372,2355,1690,90,660
XM02-220,スポーツ用品,東京都新宿区,232,133,22,762,0.2,false,true,1372,325,1690,0,661
XY05-139,書籍,東京都渋谷区,250,180,120,367,1.7,false,true,232,2205,1695,90,662
XM01-744,雑貨,東京都品川区,286,213,24,824,0.2,false,true,232,255,1695,0,663
XM01-290,電化製品,東京都渋谷区,286,213,24,709,0.3,false,true,1372,0,1709,0,664
XY13-791,家具,東京都港区,330,255,30,562,0.7,false,true,232,915,1710,90,665
XY05-838,飲料,千葉県千葉市,250,180,120,438,1.4,false,false,967,560,1710,0,666
XM02-219,医薬品,神奈川県横浜市,232,133,22,761,0.2,false,true,1372,325,1712,0,667
XM01-725,スポーツ用品,東京都渋谷区,286,213,24,823,0.2,false,true,232,255,1719,0,668
XY05-212,玩具,愛知県名古屋市,250,180,120,356,1.8,false,true,232,2520,1725,90,669
XY05-441,化粧品,大阪府大阪市,250,180,120,392,1.6,false,true,232,1890,1725,90,670
XY05-517,玩具,東京都港区,250,180,120,529,0.8,false,true,0,419,1728,90,671
XY05-1000,食品,東京都品川区,250,180,120,953,1.6,true,true,0,133,1728,90,672
XM01-274,文具,東京都渋谷区,286,213,24,708,0.3,false,true,1372,0,1733,0,673
XM02-198,医薬品,埼玉県さいたま市,232,133,22,760,0.2,false,true,1372,325,1734,0,674
XY13-714,雑貨,北海道札幌市,330,255,30,561,0.7,false,true,232,915,1740,90,675
XM02-669,文具,東京都目黒区,232,133,22,818,0.2,false,true,232,255,1743,0,676
XY05-604,スポーツ用品,福岡県福岡市,250,180,120,478,1.1,false,true,562,790,1752,0,677
XM02-192,書籍,東京都新宿区,232,133,22,759,0.2,false,true,1372,325,1756,0,678
XM01-266,化粧品,大阪府大阪市,286,213,24,707,0.3,false,true,1372,0,1757,0,679
XY05-853,飲料,東京都品川区,250,180,120,491,1,false,false,232,0,1764,0,680
XM02-651,家具,埼玉県さいたま市,232,133,22,815,0.2,false,true,232,255,1765,0,681
XY05-433,文具,埼玉県さいたま市,250,180,120,463,1.2,false,true,232,1245,1770,0,682
XY13-684,電化製品,北海道札幌市,330,255,30,560,0.7,false,true,232,915,1770,90,683
XY05-163,衣類,愛知県名古屋市,250,180,120,409,1.5,false,true,967,815,1770,0,684
XM01-491,食品,北海道札幌市,286,213,24,797,0.2,false,true,562,518,1770,0,685
XM01-656,飲料,北海道札幌市,286,213,24,817,0.2,false,true,562,305,1770,0,686
XM02-188,食品,東京都港区,232,133,22,758,0.2,false,true,1372,325,1778,0,687
XM01-234,ペット用品,東京都港区,286,213,24,706,0.3,false,true,1372,0,1781,0,688
X08-567,家具,愛知県名古屋市,315,245,105,301,2.5,false,true,232,2835,1785,90,689
XY05-342,衣類,埼玉県さいたま市,250,180,120,425,1.4,false,true,232,1575,1785,90,690
X08-810,医薬品,大阪府大阪市,315,245,105,284,2.7,false,true,967,1550,1785,0,691
X08-637,工具,東京都目黒区,315,245,105,322,2.2,false,true,967,1305,1785,0,692
XM02-775,食品,神奈川県横浜市,232,133,22,829,0.2,false,true,232,776,1785,0,693
XM02-846,化粧品,東京都港区,232,133,22,840,0.2,false,true,232,643,1785,0,694
XM02-018,家具,東京都渋谷区,232,133,22,858,0.1,false,false,232,510,1785,0,695
XM02-783,日用品,東京都目黒区,232,133,22,897,0.1,false,true,562,133,1785,0,696
XM02-201,ペット用品,東京都品川区,232,133,22,870,0.1,false,true,967,133,1785,0,697
XM02-948,工具,埼玉県さいたま市,232,133,22,906,0.1,false,true,562,0,1785,0,698
XM02-554,ペット用品,東京都渋谷区,232,133,22,888,0.1,false,true,794,0,1785,90,699
XM02-530,化粧品,福岡県福岡市,232,133,22,886,0.1,false,false,967,0,1785,0,700
XM02-041,飲料,東京都目黒区,232,133,22,861,0.1,false,true,1199,0,1785,90,701
XM02-639,電化製品,東京都港区,232,133,22,814,0.2,false,false,232,255,1787,0,702
XM02-490,玩具,大阪府大阪市,232,133,22,796,0.2,false,true,562,518,1794,0,703
XM01-654,雑貨,東京都目黒区,286,213,24,816,0.2,false,true,562,305,1794,0,704
XY13-516,医薬品,北海道札幌市,330,255,30,559,0.7,false,true,232,915,1800,90,705
XM02-166,文具,愛知県名古屋市,232,133,22,757,0.2,false,true,1372,325,1800,0,706
XY05-251,玩具,千葉県千葉市,250,180,120,505,0.9,false,false,967,305,1800,0,707
XM01-204,玩具,東京都目黒区,286,213,24,705,0.3,false,true,1372,0,1805,0,708
XM02-771,雑貨,神奈川県川崎市,232,133,22,828,0.2,false,true,232,776,1807,0,709
XM02-834,家具,東京都新宿区,232,133,22,838,0.2,false,false,232,643,1807,0,710
XM02-945,日用品,東京都渋谷区,232,133,22,850,0.2,false,true,232,510,1807,0,711
XM02-706,電化製品,福岡県福岡市,232,133,22,896,0.1,false,true,562,133,1807,0,712
XM02-184,スポーツ用品,東京都品川区,232,133,22,869,0.1,false,true,967,133,1807,0,713
XM02-890,家具,東京都新宿区,232,133,22,905,0.1,false,true,562,0,1807,0,714
XM02-552,日用品,神奈川県横浜市,232,133,22,887,0.1,false,true,794,0,1807,90,715
XM02-515,雑貨,千葉県千葉市,232,133,22,885,0.1,false,false,967,0,1807,0,716
XM02-034,ペット用品,東京都新宿区,232,133,22,860,0.1,false,true,1199,0,1807,90,717
XM02-634,化粧品,愛知県名古屋市,232,133,22,813,0.2,false,true,232,255,1809,0,718
XY05-780,雑貨,東京都渋谷区,250,180,120,364,1.8,false,true,232,2205,1815,90,719
XM02-486,衣類,東京都品川区,232,133,22,795,0.2,false,true,562,518,1816,0,720
XM01-578,衣類,北海道札幌市,286,213,24,809,0.2,false,true,562,305,1818,0,721
XM02-144,文具,埼玉県さいたま市,232,133,22,756,0.2,false,true,1372,325,1822,0,722
XM02-768,飲料,東京都港区,232,133,22,827,0.2,false,true,232,776,1829,0,723
XM02-824,スポーツ用品,神奈川県横浜市,232,133,22,837,0.2,false,true,232,643,1829,0,724
XM02-940,医薬品,北海道札幌市,232,133,22,849,0.2,false,true,232,510,1829,0,725
XM02-691,家具,東京都品川区,232,133,22,895,0.1,false,false,562,133,1829,0,726
XM02-156,ペット用品,千葉県千葉市,232,133,22,868,0.1,false,true,967,133,1829,0,727
XM02-885,書籍,東京都品川区,232,133,22,904,0.1,false,true,562,0,1829,0,728
XM02-514,スポーツ用品,東京都目黒区,232,133,22,884,0.1,false,true,794,0,1829,90,729
XM02-366,食品,東京都渋谷区,232,133,22,877,0.1,false,true,967,0,1829,0,730
XM02-024,飲料,大阪府大阪市,232,133,22,859,0.1,false,true,1199,0,1829,90,731
XM01-157,玩具,北海道札幌市,286,213,24,704,0.3,false,true,1372,0,1829,0,732
XY13-432,日用品,神奈川県横浜市,330,255,30,558,0.7,false,true,232,915,1830,90,733
XY05-811,玩具,福岡県福岡市,250,180,120,436,1.4,false,true,967,560,1830,0,734
XM02-629,文具,神奈川県川崎市,232,133,22,812,0.2,false,false,232,255,1831,0,735
XM02-479,家具,大阪府大阪市,232,133,22,794,0.2,false,true,562,518,1838,0,736
XM02-523,医薬品,埼玉県さいたま市,232,133,22,804,0.2,false,true,562,305,1842,0,737
XM02-141,家具,大阪府大阪市,232,133,22,755,0.2,false,true,1372,325,1844,0,738
XY05-767,日用品,大阪府大阪市,250,180,120,348,1.9,false,true,232,2520,1845,90,739
XY05-376,玩具,北海道札幌市,250,180,120,391,1.6,false,true,232,1890,1845,90,740
XY05-014,飲料,北海道札幌市,250,180,120,517,0.8,false,true,0,419,1848,90,741
XY05-985,医薬品,福岡県福岡市,250,180,120,952,1.6,true,true,0,133,1848,90,742
XM02-764,雑貨,北海道札幌市,232,133,22,826,0.2,false,true,232,776,1851,0,743
XM02-820,雑貨,福岡県福岡市,232,133,22,836,0.2,false,false,232,643,1851,0,744
XM02-931,家具,愛知県名古屋市,232,133,22,848,0.2,false,true,232,510,1851,0,745
XM02-643,玩具,千葉県千葉市,232,133,22,894,0.1,false,true,562,133,1851,0,746
XM02-110,医薬品,北海道札幌市,232,133,22,867,0.1,false,true,967,133,1851,0,747
XM02-839,食品,神奈川県横浜市,232,133,22,903,0.1,false,true,562,0,1851,0,748
XM02-482,書籍,東京都品川区,232,133,22,883,0.1,false,true,794,0,1851,90,749
XM02-308,書籍,東京都渋谷区,232,133,22,876,0.1,false,true,967,0,1851,0,750
XM02-012,飲料,神奈川県川崎市,232,133,22,857,0.1,false,true,1199,0,1851,90,751
XM02-625,ペット用品,東京都品川区,232,133,22,811,0.2,false,true,232,255,1853,0,752
XM01-111,工具,東京都目黒区,286,213,24,703,0.3,false,true,1372,0,1853,0,753
XY13-406,食品,東京都港区,330,255,30,556,0.7,false,true,232,915,1860,90,754
XM02-468,工具,千葉県千葉市,232,133,22,792,0.2,false,true,562,518,1860,0,755
XM02-513,日用品,神奈川県川崎市,232,133,22,803,0.2,false,true,562,305,1864,0,756
XM02-129,日用品,愛知県名古屋市,232,133,22,754,0.2,false,true,1372,325,1866,0,757
XY05-465,衣類,大阪府大阪市,250,180,120,477,1.1,false,true,562,790,1872,0,758
XM02-763,電化製品,東京都港区,232,133,22,825,0.2,false,true,232,776,1873,0,759
XM02-805,飲料,千葉県千葉市,232,133,22,835,0.2,false,true,232,643,1873,0,760
XM02-904,書籍,北海道札幌市,232,133,22,846,0.2,false,true,232,510,1873,0,761
XM02-608,家具,東京都品川区,232,133,22,893,0.1,false,true,562,133,1873,0,762
XM02-106,玩具,大阪府大阪市,232,133,22,866,0.1,false,true,967,133,1873,0,763
XM02-837,医薬品,東京都新宿区,232,133,22,902,0.1,false,true,562,0,1873,0,764
XM02-446,化粧品,東京都品川区,232,133,22,882,0.1,false,true,794,0,1873,90,765
XM02-307,電化製品,愛知県名古屋市,232,133,22,875,0.1,false,true,967,0,1873,0,766
XM02-1006,スポーツ用品,神奈川県横浜市,232,133,22,856,0.2,false,true,1199,0,1873,90,767
XM02-619,工具,愛知県名古屋市,232,133,22,810,0.2,false,true,232,255,1875,0,768
XM01-098,電化製品,埼玉県さいたま市,286,213,24,702,0.3,false,true,1372,0,1877,0,769
XM02-448,玩具,千葉県千葉市,232,133,22,791,0.2,false,true,562,518,1882,0,770
XM02-506,衣類,大阪府大阪市,232,133,22,802,0.2,false,true,562,305,1886,0,771
XM02-105,玩具,愛知県名古屋市,232,133,22,753,0.2,false,false,1372,325,1888,0,772
X08-283,雑貨,北海道札幌市,315,245,105,300,2.5,false,true,232,2835,1890,90,773
X08-701,化粧品,福岡県福岡市,315,245,105,283,2.7,false,true,967,1550,1890,0,774
X08-483,雑貨,東京都新宿区,315,245,105,321,2.2,false,true,967,1305,1890,0,775
XY13-359,食品,愛知県名古屋市,330,255,30,555,0.7,false,true,232,915,1890,90,776
XM02-705,医薬品,福岡県福岡市,232,133,22,822,0.2,false,true,232,776,1895,0,777
XM02-797,飲料,東京都新宿区,232,133,22,834,0.2,false,true,232,643,1895,0,778
XM02-876,飲料,東京都品川区,232,133,22,845,0.2,false,true,232,510,1895,0,779
XM02-603,電化製品,神奈川県川崎市,232,133,22,892,0.1,false,true,562,133,1895,0,780
XM02-102,スポーツ用品,東京都新宿区,232,133,22,865,0.1,false,true,967,133,1895,0,781
XM02-817,化粧品,福岡県福岡市,232,133,22,901,0.1,false,true,562,0,1895,0,782
XM02-422,電化製品,愛知県名古屋市,232,133,22,881,0.1,false,true,794,0,1895,90,783
XM02-301,飲料,神奈川県横浜市,232,133,22,874,0.1,false,true,967,0,1895,0,784
XM02-1005,玩具,神奈川県川崎市,232,133,22,855,0.2,false,true,1199,0,1895,90,785
XM02-575,文具,神奈川県川崎市,232,133,22,808,0.2,false,true,232,255,1897,0,786
XM01-092,雑貨,北海道札幌市,286,213,24,701,0.3,false,true,1372,0,1901,0,787
XM02-442,スポーツ用品,東京都渋谷区,232,133,22,789,0.2,false,true,562,518,1904,0,788
XM02-505,玩具,愛知県名古屋市,232,133,22,801,0.2,false,true,562,305,1908,0,789
XM02-096,家具,大阪府大阪市,232,133,22,752,0.2,false,false,1372,325,1910,0,790
XM02-697,文具,東京都渋谷区,232,133,22,821,0.2,false,false,232,776,1917,0,791
XM02-794,化粧品,大阪府大阪市,232,133,22,833,0.2,false,true,232,643,1917,0,792
XM02-872,工具,東京都目黒区,232,133,22,844,0.2,false,true,232,510,1917,0,793
XM02-598,工具,大阪府大阪市,232,133,22,891,0.1,false,false,562,133,1917,0,794
XM02-093,雑貨,神奈川県横浜市,232,133,22,864,0.1,false,true,967,133,1917,0,795
XM02-804,飲料,東京都渋谷区,232,133,22,900,0.1,false,true,562,0,1917,0,796
XM02-416,工具,東京都品川区,232,133,22,880,0.1,false,true,794,0,1917,90,797
XM02-270,家具,大阪府大阪市,232,133,22,873,0.1,false,true,967,0,1917,0,798
XM02-972,雑貨,東京都目黒区,232,133,22,854,0.2,false,true,1199,0,1917,90,799
XM02-550,スポーツ用品,埼玉県さいたま市,232,133,22,807,0.2,false,true,232,255,1919,0,800
XY13-315,工具,北海道札幌市,330,255,30,554,0.7,false,true,232,915,1920,90,801
XM01-070,家具,東京都港区,286,213,24,700,0.3,false,true,1372,0,1925,0,802
XM02-431,食品,千葉県千葉市,232,133,22,788,0.2,false,true,562,518,1926,0,803
XM02-504,玩具,愛知県名古屋市,232,133,22,800,0.2,false,false,562,305,1930,0,804
XM02-095,工具,東京都品川区,232,133,22,751,0.2,false,true,1372,325,1932,0,805
XM02-694,文具,神奈川県川崎市,232,133,22,820,0.2,false,true,232,776,1939,0,806
XM02-777,スポーツ用品,埼玉県さいたま市,232,133,22,831,0.2,false,true,232,643,1939,0,807
XM02-861,食品,神奈川県横浜市,232,133,22,842,0.2,false,true,232,510,1939,0,808
XM02-591,日用品,神奈川県川崎市,232,133,22,890,0.1,false,true,562,133,1939,0,809
XM02-056,飲料,東京都渋谷区,232,133,22,863,0.1,false,true,967,133,1939,0,810
XM02-799,文具,千葉県千葉市,232,133,22,899,0.1,false,true,562,0,1939,0,811
XM02-408,スポーツ用品,東京都目黒区,232,133,22,879,0.1,false,true,794,0,1939,90,812
XM02-229,スポーツ用品,福岡県福岡市,232,133,22,872,0.1,false,true,967,0,1939,0,813
XM02-960,日用品,東京都新宿区,232,133,22,853,0.2,false,true,1199,0,1939,90,814
XM02-534,工具,神奈川県横浜市,232,133,22,806,0.2,false,true,232,255,1941,0,815
XM02-429,電化製品,千葉県千葉市,232,133,22,787,0.2,false,true,562,518,1948,0,816
XM01-047,化粧品,神奈川県川崎市,286,213,24,699,0.3,false,true,1372,0,1949,0,817
XY13-305,化粧品,東京都港区,330,255,30,553,0.7,false,true,232,915,1950,90,818
XM02-502,雑貨,埼玉県さいたま市,232,133,22,799,0.2,false,true,562,305,1952,0,819
XM02-088,玩具,東京都渋谷区,232,133,22,750,0.2,false,true,1372,325,1954,0,820
XM02-679,化粧品,福岡県福岡市,232,133,22,819,0.2,false,true,232,776,1961,0,821
XM02-776,家具,東京都渋谷区,232,133,22,830,0.2,false,true,232,643,1961,0,822
XM02-847,電化製品,東京都目黒区,232,133,22,841,0.2,false,true,232,510,1961,0,823
XM02-559,書籍,大阪府大阪市,232,133,22,889,0.1,false,true,562,133,1961,0,824
XM02-049,食品,東京都渋谷区,232,133,22,862,0.1,false,true,967,133,1961,0,825
XM02-796,工具,東京都港区,232,133,22,898,0.1,false,false,562,0,1961,0,826
XM02-388,書籍,千葉県千葉市,232,133,22,878,0.1,false,true,794,0,1961,90,827
XM02-211,雑貨,東京都目黒区,232,133,22,871,0.1,false,true,967,0,1961,0,828
XM02-949,玩具,愛知県名古屋市,232,133,22,851,0.2,false,true,1199,0,1961,90,829
XM02-525,文具,神奈川県横浜市,232,133,22,805,0.2,false,true,232,255,1963,0,830
XM02-997,書籍,神奈川県横浜市,232,133,22,907,0.1,false,true,0,133,1968,90,831
XM02-427,飲料,千葉県千葉市,232,133,22,786,0.2,false,true,562,518,1970,0,832
XM01-999,スポーツ用品,東京都港区,286,213,24,698,0.4,false,false,1372,0,1973,0,833
XM02-492,ペット用品,東京都港区,232,133,22,798,0.2,false,true,562,305,1974,0,834
XM02-072,化粧品,千葉県千葉市,232,133,22,749,0.2,false,true,1372,325,1976,0,835