id,name,destination,x_mm,y_mm,z_mm,order,weight_kg,fragile,rot_xy,posX,posY,posZ,rotation,loadOrder
XM02-227,ペット用品,神奈川県川崎市,232,133,22,764,0.2,false,true,500,4200,0,0,1
X08-042,飲料,大阪府大阪市,315,245,105,946,1.9,true,true,0,4100,0,0,2
XM01-936,家具,埼玉県さいたま市,286,213,24,634,0.5,false,true,1000,4100,0,0,3
XM01-322,家具,埼玉県さいたま市,286,213,24,659,0.4,false,true,1300,4000,0,0,4
XM01-725,スポーツ用品,東京都渋谷区,286,213,24,823,0.2,false,true,1700,3900,0,0,5
X08-181,雑貨,東京都目黒区,315,245,105,460,1.2,false,true,0,3800,0,0,6
XM01-535,雑貨,神奈川県川崎市,286,213,24,673,0.4,false,true,400,3800,0,0,7
XY13-284,スポーツ用品,東京都港区,330,255,30,551,0.7,false,true,800,3700,0,0,8
XM01-568,家具,東京都目黒区,286,213,24,674,0.4,false,true,1200,3700,0,0,9
XY05-895,日用品,東京都港区,250,180,120,440,1.4,false,true,0,3600,0,0,10
XM01-265,医薬品,東京都港区,286,213,24,656,0.4,false,true,1500,3600,0,0,11
XY05-721,玩具,東京都渋谷区,250,180,120,376,1.7,false,false,1200,3500,0,0,12
XM01-438,書籍,東京都渋谷区,286,213,24,664,0.4,false,true,600,3400,0,0,13
XY13-913,ペット用品,大阪府大阪市,330,255,30,565,0.7,false,true,200,3300,0,0,14
XM02-166,文具,愛知県名古屋市,232,133,22,757,0.2,false,true,1100,3200,0,0,15
XY13-842,玩具,東京都港区,330,255,30,563,0.7,false,true,1500,3200,0,0,16
XM02-407,日用品,東京都新宿区,232,133,22,782,0.2,false,true,400,3100,0,0,17
XY13-462,スポーツ用品,東京都渋谷区,330,255,30,608,0.5,false,false,0,3000,0,0,18
XM01-749,化粧品,福岡県福岡市,286,213,24,989,0.4,true,true,700,3000,0,0,19
XM02-960,日用品,東京都新宿区,232,133,22,853,0.2,false,true,1000,3000,0,0,20
XY05-618,ペット用品,東京都目黒区,250,180,120,954,1.5,true,true,200,2800,0,0,21
XM02-514,スポーツ用品,東京都目黒区,232,133,22,884,0.1,false,true,500,2800,0,0,22
XM02-797,飲料,東京都新宿区,232,133,22,834,0.2,false,true,1000,2800,0,0,23
X08-626,衣類,神奈川県川崎市,315,245,105,346,1.9,false,true,1300,2800,0,0,24
XM01-459,衣類,大阪府大阪市,286,213,24,995,0.3,true,true,1700,2800,0,0,25
XY05-140,家具,神奈川県川崎市,250,180,120,446,1.3,false,false,200,2600,0,0,26
XM02-861,食品,神奈川県横浜市,232,133,22,842,0.2,false,true,700,2600,0,0,27
XM01-665,工具,神奈川県川崎市,286,213,24,680,0.4,false,true,1700,2500,0,0,28
XM01-463,食品,東京都渋谷区,286,213,24,669,0.4,false,true,1200,2400,0,0,29
XM02-482,書籍,東京都品川区,232,133,22,883,0.1,false,true,200,2300,0,0,30
XM02-304,飲料,東京都目黒区,232,133,22,772,0.2,false,true,1500,2300,0,0,31
XM02-334,スポーツ用品,神奈川県横浜市,232,133,22,776,0.2,false,true,1200,2200,0,0,32
XM02-220,スポーツ用品,東京都新宿区,232,133,22,762,0.2,false,true,400,2100,0,0,33
X11-275,工具,愛知県名古屋市,405,305,255,190,8,false,false,700,2100,0,0,34
XM01-450,衣類,東京都品川区,286,213,24,666,0.4,false,true,0,2000,0,0,35
XM02-184,スポーツ用品,東京都品川区,232,133,22,869,0.1,false,true,1200,2000,0,0,36
XY13-645,飲料,神奈川県横浜市,330,255,30,511,0.9,false,true,1600,2000,0,0,37
XM02-732,ペット用品,東京都品川区,232,133,22,1007,0.1,true,true,500,1900,0,0,38
XM02-513,日用品,神奈川県川崎市,232,133,22,803,0.2,false,true,900,1900,0,0,39
XM02-598,工具,大阪府大阪市,232,133,22,891,0.1,false,false,200,1800,0,0,40
XY05-014,飲料,北海道札幌市,250,180,120,517,0.8,false,true,1200,1800,0,0,41
XM02-105,玩具,愛知県名古屋市,232,133,22,753,0.2,false,false,1700,1800,0,0,42
XM02-820,雑貨,福岡県福岡市,232,133,22,836,0.2,false,false,0,1600,0,0,43
XY13-773,家具,埼玉県さいたま市,330,255,30,584,0.6,false,true,300,1500,0,0,44
XY13-991,日用品,東京都渋谷区,330,255,30,543,0.8,false,true,800,1500,0,0,45
XM01-351,文具,東京都渋谷区,286,213,24,716,0.3,false,true,1700,1500,0,0,46
X12-823,医薬品,福岡県福岡市,485,325,295,94,10.5,false,true,1200,1400,0,0,47
XM02-705,医薬品,福岡県福岡市,232,133,22,822,0.2,false,true,100,1200,0,0,48
XY13-735,飲料,東京都渋谷区,330,255,30,535,0.8,false,true,400,1200,0,0,49
XY05-168,化粧品,東京都港区,250,180,120,504,0.9,false,true,1300,1200,0,0,50
XM01-704,工具,東京都品川区,286,213,24,1000,0.2,true,true,1700,1200,0,0,51
XM02-188,食品,東京都港区,232,133,22,758,0.2,false,true,1000,1100,0,0,52
XY05-017,スポーツ用品,神奈川県川崎市,250,180,120,956,1.4,true,true,0,1000,0,0,53
XY05-970,医薬品,東京都港区,250,180,120,459,1.3,false,true,300,1000,0,0,54
XY05-752,工具,東京都港区,250,180,120,536,0.8,false,true,1500,1000,0,0,55
XM02-694,文具,神奈川県川崎市,232,133,22,820,0.2,false,true,0,800,0,0,56
XY13-630,文具,東京都品川区,330,255,30,580,0.6,false,false,1100,800,0,0,57
XM01-999,スポーツ用品,東京都港区,286,213,24,698,0.4,false,false,300,700,0,0,58
XY13-742,書籍,東京都新宿区,330,255,30,978,0.6,true,false,700,700,0,0,59
XM01-962,玩具,埼玉県さいたま市,286,213,24,740,0.3,false,true,1600,600,0,0,60
XM02-486,衣類,東京都品川区,232,133,22,795,0.2,false,true,0,500,0,0,61
XM02-095,工具,東京都品川区,232,133,22,751,0.2,false,true,500,500,0,0,62
XM01-023,スポーツ用品,神奈川県横浜市,286,213,24,639,0.4,false,false,1300,400,0,0,63
XM01-029,衣類,東京都港区,286,213,24,590,0.5,false,true,1000,300,0,0,64
XM02-012,飲料,神奈川県川崎市,232,133,22,857,0.1,false,true,1700,300,0,0,65
X08-737,書籍,神奈川県川崎市,315,245,105,377,1.7,false,true,100,200,0,0,66
XM02-890,家具,東京都新宿区,232,133,22,905,0.1,false,true,500,200,0,0,67
XY05-517,玩具,東京都港区,250,180,120,529,0.8,false,true,1300,200,0,0,68
XM02-559,書籍,大阪府大阪市,232,133,22,889,0.1,false,true,200,0,0,0,69
X08-882,食品,埼玉県さいたま市,315,245,105,285,2.7,false,true,900,0,0,0,70
XM02-258,飲料,大阪府大阪市,232,133,22,768,0.2,false,false,1300,0,0,0,71
XY05-891,工具,愛知県名古屋市,250,180,120,439,1.4,false,true,1600,0,0,0,72
XM01-344,衣類,東京都品川区,286,213,24,601,0.5,false,true,1100,4100,100,0,73
XM02-783,日用品,東京都目黒区,232,133,22,897,0.1,false,true,1700,4100,100,0,74
X08-850,玩具,東京都品川区,315,245,105,330,2.1,false,true,400,3900,100,0,75
XM02-824,スポーツ用品,神奈川県横浜市,232,133,22,837,0.2,false,true,1000,3900,100,0,76
XM02-591,日用品,神奈川県川崎市,232,133,22,890,0.1,false,true,900,3700,100,0,77
X08-696,雑貨,北海道札幌市,315,245,105,279,2.8,false,true,1400,3700,100,0,78
XY13-202,日用品,東京都品川区,330,255,30,523,0.8,false,false,500,3600,100,0,79
XM02-156,ペット用品,千葉県千葉市,232,133,22,868,0.1,false,true,1500,3500,100,0,80
XM02-388,書籍,千葉県千葉市,232,133,22,878,0.1,false,true,800,3400,100,0,81
XM01-678,家具,大阪府大阪市,286,213,24,731,0.3,false,true,200,3300,100,0,82
XY05-200,家具,福岡県福岡市,250,180,120,966,1,true,true,700,3200,100,0,83
XM01-988,書籍,神奈川県横浜市,286,213,24,697,0.4,false,true,1100,3200,100,0,84
XM02-972,雑貨,東京都目黒区,232,133,22,854,0.2,false,true,1700,3200,100,0,85
XY05-620,書籍,東京都渋谷区,250,180,120,465,1.2,false,true,200,3100,100,0,86
XM02-093,雑貨,神奈川県横浜市,232,133,22,864,0.1,false,true,1400,3100,100,0,87
XY05-767,日用品,大阪府大阪市,250,180,120,348,1.9,false,true,500,3000,100,0,88
XM01-170,衣類,東京都新宿区,286,213,24,650,0.4,false,false,1700,2900,100,0,89
XM01-703,電化製品,千葉県千葉市,286,213,24,682,0.4,false,true,900,2800,100,0,90
XY13-927,文具,東京都港区,330,255,30,991,0.4,true,true,500,2700,100,0,91
XM01-428,飲料,東京都渋谷区,286,213,24,719,0.3,false,true,1700,2600,100,0,92
XM02-102,スポーツ用品,東京都新宿区,232,133,22,865,0.1,false,true,1000,2500,100,0,93
XM02-847,電化製品,東京都目黒区,232,133,22,841,0.2,false,true,1400,2500,100,0,94
XM02-034,ペット用品,東京都新宿区,232,133,22,860,0.1,false,true,100,2400,100,0,95
XY05-558,医薬品,埼玉県さいたま市,250,180,120,510,0.9,false,true,400,2400,100,0,96
XM02-493,ペット用品,神奈川県川崎市,232,133,22,999,0.2,true,true,1700,2400,100,0,97
X08-759,文具,東京都目黒区,315,245,105,323,2.2,false,true,200,2100,100,0,98
XY13-368,食品,神奈川県川崎市,330,255,30,604,0.5,false,false,1300,2100,100,0,99
XY05-395,化粧品,神奈川県川崎市,250,180,120,964,1.1,true,true,0,1900,100,0,100
XM01-744,雑貨,東京都品川区,286,213,24,824,0.2,false,true,400,1800,100,0,101
XM02-775,食品,神奈川県横浜市,232,133,22,829,0.2,false,true,700,1800,100,0,102
XY13-926,文具,東京都港区,330,255,30,566,0.7,false,true,1600,1800,100,0,103
XY05-043,スポーツ用品,福岡県福岡市,250,180,120,485,1,false,true,0,1700,100,0,104
XM02-817,化粧品,福岡県福岡市,232,133,22,901,0.1,false,true,200,1500,100,0,105
XY05-526,書籍,神奈川県横浜市,250,180,120,394,1.6,false,true,700,1400,100,0,106
XY13-693,日用品,東京都港区,330,255,30,513,0.9,false,true,0,1200,100,0,107
XY05-158,工具,東京都品川区,250,180,120,421,1.4,false,true,400,1200,100,0,108
XM02-446,化粧品,東京都品川区,232,133,22,882,0.1,false,true,1000,1200,100,0,109
XM01-500,食品,東京都品川区,286,213,24,613,0.5,false,false,1700,1200,100,0,110
XY05-736,文具,北海道札幌市,250,180,120,965,1.1,true,true,700,1100,100,0,111
XY05-818,日用品,千葉県千葉市,250,180,120,456,1.3,false,true,700,900,100,0,112
XY13-119,日用品,千葉県千葉市,330,255,30,594,0.5,false,true,1000,800,100,0,113
XM01-565,化粧品,大阪府大阪市,286,213,24,615,0.5,false,true,1600,700,100,0,114
X11-273,書籍,愛知県名古屋市,405,305,255,941,5.4,true,true,100,600,100,0,115
XM02-625,ペット用品,東京都品川区,232,133,22,811,0.2,false,true,700,600,100,0,116
XM02-269,家具,東京都渋谷区,232,133,22,769,0.2,false,true,900,400,100,0,117
XM01-729,家具,東京都目黒区,286,213,24,629,0.5,false,false,1200,400,100,0,118
XY13-685,食品,東京都新宿区,330,255,30,988,0.4,true,false,1600,400,100,0,119
XM01-922,飲料,東京都新宿区,286,213,24,738,0.3,false,true,600,300,100,0,120
XM02-219,医薬品,神奈川県横浜市,232,133,22,761,0.2,false,true,200,0,100,0,121
XM01-348,衣類,千葉県千葉市,286,213,24,660,0.4,false,true,500,0,100,0,122
XY05-585,スポーツ用品,福岡県福岡市,250,180,120,454,1.3,false,true,1500,4200,200,0,123
X08-083,工具,北海道札幌市,315,245,105,353,1.8,false,true,0,4100,200,0,124
XY13-563,飲料,東京都渋谷区,330,255,30,576,0.6,false,true,800,4100,200,0,125
XM01-070,家具,東京都港区,286,213,24,700,0.3,false,true,1200,4000,200,0,126
XY05-230,医薬品,大阪府大阪市,250,180,120,449,1.3,false,true,1500,4000,200,0,127
XM02-948,工具,埼玉県さいたま市,232,133,22,906,0.1,false,true,0,3900,200,0,128
XY05-765,化粧品,神奈川県川崎市,250,180,120,403,1.6,false,true,800,3800,200,0,129
XM02-362,医薬品,北海道札幌市,232,133,22,778,0.2,false,true,1100,3800,200,0,130
XY05-424,医薬品,神奈川県川崎市,250,180,120,430,1.4,false,false,0,3700,200,0,131
XY13-621,衣類,愛知県名古屋市,330,255,30,579,0.6,false,true,300,3600,200,0,132
X08-418,ペット用品,東京都港区,315,245,105,320,2.2,false,true,800,3400,200,0,133
XM01-288,日用品,埼玉県さいたま市,286,213,24,598,0.5,false,true,1300,3400,200,0,134
XM02-201,ペット用品,東京都品川区,232,133,22,870,0.1,false,true,0,3300,200,0,135
XM01-363,雑貨,福岡県福岡市,286,213,24,603,0.5,false,true,300,3300,200,0,136
X08-978,雑貨,埼玉県さいたま市,315,245,105,443,1.4,false,true,1600,3300,200,0,137
XM02-932,日用品,東京都目黒区,232,133,22,1002,0.2,true,true,1600,3100,200,0,138
XY13-406,食品,東京都港区,330,255,30,556,0.7,false,true,1100,3000,200,0,139
XM01-720,電化製品,東京都渋谷区,286,213,24,628,0.5,false,true,100,2800,200,0,140
XY05-196,文具,福岡県福岡市,250,180,120,422,1.4,false,true,500,2800,200,0,141
XY05-347,食品,東京都新宿区,250,180,120,426,1.4,false,true,1500,2800,200,0,142
XM02-072,化粧品,千葉県千葉市,232,133,22,749,0.2,false,true,400,2600,200,0,143
XM01-319,文具,東京都渋谷区,286,213,24,599,0.5,false,true,1100,2600,200,0,144
XM01-205,玩具,東京都新宿区,286,213,24,652,0.4,false,false,100,2500,200,0,145
XY13-295,玩具,東京都品川区,330,255,30,552,0.7,false,false,700,2500,200,0,146
XY13-664,飲料,福岡県福岡市,330,255,30,679,0.4,false,true,1500,2400,200,0,147
XM02-244,食品,愛知県名古屋市,232,133,22,767,0.2,false,true,1200,2300,200,0,148
XM02-506,衣類,大阪府大阪市,232,133,22,802,0.2,false,true,1600,2200,200,0,149
XM02-796,工具,東京都港区,232,133,22,898,0.1,false,false,1400,2000,200,0,150
XM02-837,医薬品,東京都新宿区,232,133,22,902,0.1,false,true,1000,1900,200,0,151
X08-455,雑貨,東京都新宿区,315,245,105,332,2,false,true,400,1800,200,0,152
XM01-577,玩具,福岡県福岡市,286,213,24,676,0.4,false,true,900,1600,200,0,153
XM01-345,電化製品,埼玉県さいたま市,286,213,24,714,0.3,false,true,400,1500,200,0,154
XM01-481,医薬品,大阪府大阪市,286,213,24,672,0.4,false,true,1700,1400,200,0,155
XM01-488,医薬品,東京都新宿区,286,213,24,610,0.5,false,true,0,1200,200,0,156
XM02-355,玩具,福岡県福岡市,232,133,22,777,0.2,false,true,1000,1100,200,0,157
XY13-622,ペット用品,東京都新宿区,330,255,30,532,0.8,false,true,1300,1100,200,0,158
XM01-484,衣類,東京都新宿区,286,213,24,722,0.3,false,true,1700,1100,200,0,159
XM02-209,日用品,東京都新宿区,232,133,22,998,0.2,true,true,1000,800,200,0,160
XY13-700,ペット用品,大阪府大阪市,330,255,30,625,0.5,false,true,1300,800,200,0,161
XM01-246,玩具,福岡県福岡市,286,213,24,655,0.4,false,true,1700,800,200,0,162
XY05-101,工具,東京都渋谷区,250,180,120,420,1.4,false,true,600,700,200,0,163
XM02-643,玩具,千葉県千葉市,232,133,22,894,0.1,false,true,1700,600,200,0,164
XM02-697,文具,東京都渋谷区,232,133,22,821,0.2,false,false,100,400,200,0,165
XY13-356,工具,東京都渋谷区,330,255,30,661,0.4,false,true,800,400,200,0,166
X08-900,ペット用品,東京都港区,315,245,105,303,2.5,false,true,1300,400,200,0,167
XM02-505,玩具,愛知県名古屋市,232,133,22,801,0.2,false,true,1700,400,200,0,168
XY13-795,医薬品,神奈川県川崎市,330,255,30,631,0.5,false,true,400,300,200,0,169
XY05-162,食品,東京都品川区,250,180,120,503,0.9,false,true,0,200,200,0,170
XM02-504,玩具,愛知県名古屋市,232,133,22,800,0.2,false,false,700,100,200,0,171
XM01-755,工具,埼玉県さいたま市,286,213,24,732,0.3,false,true,1000,100,200,0,172
XM01-785,医薬品,福岡県福岡市,286,213,24,734,0.3,false,true,1700,100,200,0,173
XM02-575,文具,神奈川県川崎市,232,133,22,808,0.2,false,true,300,0,200,0,174
X08-186,ペット用品,福岡県福岡市,315,245,105,316,2.2,false,true,1300,0,200,0,175
XM02-371,文具,東京都品川区,232,133,22,779,0.2,false,true,1200,4200,300,0,176
X08-1004,医薬品,東京都品川区,315,245,105,309,2.4,false,false,400,4100,300,0,177
XM02-834,家具,東京都新宿区,232,133,22,838,0.2,false,false,1000,4000,300,0,178
XY05-342,衣類,埼玉県さいたま市,250,180,120,425,1.4,false,true,200,3900,300,0,179
XM01-474,雑貨,千葉県千葉市,286,213,24,609,0.5,false,true,500,3800,300,0,180
XM01-341,化粧品,北海道札幌市,286,213,24,712,0.3,false,true,1200,3600,300,0,181
XY13-473,医薬品,神奈川県川崎市,330,255,30,977,0.6,true,true,1600,3600,300,0,182
XY13-754,化粧品,北海道札幌市,330,255,30,583,0.6,false,true,400,3500,300,0,183
XY13-402,飲料,東京都港区,330,255,30,971,0.8,true,true,0,3400,300,0,184
XM02-885,書籍,東京都品川区,232,133,22,904,0.1,false,true,1200,3400,300,0,185
XY13-015,電化製品,愛知県名古屋市,330,255,30,589,0.5,false,true,200,3100,300,0,186
X08-228,衣類,東京都目黒区,315,245,105,942,2.6,true,true,900,3100,300,0,187
XM01-596,ペット用品,東京都港区,286,213,24,997,0.3,true,true,600,3000,300,0,188
X08-518,スポーツ用品,東京都渋谷区,315,245,105,281,2.7,false,true,1300,3000,300,0,189
XY05-520,医薬品,福岡県福岡市,250,180,120,968,0.9,true,true,1700,3000,300,0,190
XY13-340,日用品,千葉県千葉市,330,255,30,976,0.6,true,true,0,2800,300,0,191
XM02-492,ペット用品,東京都港区,232,133,22,798,0.2,false,true,1000,2800,300,0,192
XM02-442,スポーツ用品,東京都渋谷区,232,133,22,789,0.2,false,true,900,2600,300,0,193
XY13-714,雑貨,北海道札幌市,330,255,30,561,0.7,false,true,0,2500,300,0,194
XM01-667,文具,愛知県名古屋市,286,213,24,987,0.4,true,true,500,2500,300,0,195
XM02-634,化粧品,愛知県名古屋市,232,133,22,813,0.2,false,true,1200,2400,300,0,196
XM02-408,スポーツ用品,東京都目黒区,232,133,22,879,0.1,false,true,100,2300,300,0,197
XM02-502,雑貨,埼玉県さいたま市,232,133,22,799,0.2,false,true,500,2300,300,0,198
XY13-059,食品,北海道札幌市,330,255,30,546,0.7,false,true,800,2300,300,0,199
X12-287,飲料,東京都渋谷区,485,325,295,45,12.8,false,true,1500,2300,300,0,200
XY05-933,書籍,北海道札幌市,250,180,120,516,0.9,false,true,1200,2200,300,0,201
XY05-240,化粧品,神奈川県川崎市,250,180,120,423,1.4,false,true,500,2100,300,0,202
XY05-1000,食品,東京都品川区,250,180,120,953,1.6,true,true,900,2100,300,0,203
XY13-272,雑貨,福岡県福岡市,330,255,30,597,0.5,false,true,0,2000,300,0,204
XY13-478,家具,大阪府大阪市,330,255,30,671,0.4,false,true,1500,2000,300,0,205
XY05-251,玩具,千葉県千葉市,250,180,120,505,0.9,false,false,0,1800,300,0,206
XY13-009,飲料,東京都新宿区,330,255,30,588,0.5,false,true,900,1700,300,0,207
XY13-987,飲料,大阪府大阪市,330,255,30,587,0.6,false,true,1600,1700,300,0,208
XM02-603,電化製品,神奈川県川崎市,232,133,22,892,0.1,false,true,100,1600,300,0,209
XM02-515,雑貨,千葉県千葉市,232,133,22,885,0.1,false,false,1300,1500,300,0,210
XM01-521,衣類,千葉県千葉市,286,213,24,724,0.3,false,true,700,1400,300,0,211
XM01-862,玩具,千葉県千葉市,286,213,24,690,0.4,false,true,1000,1200,300,0,212
XY13-830,雑貨,愛知県名古屋市,330,255,30,687,0.4,false,true,1400,1200,300,0,213
X11-203,食品,神奈川県川崎市,405,305,255,264,4.9,false,true,200,1100,300,0,214
XM01-954,ペット用品,東京都港区,286,213,24,984,0.5,true,true,700,1100,300,0,215
XY05-921,医薬品,東京都新宿区,250,180,120,492,1,false,false,800,900,300,0,216
XM01-650,飲料,神奈川県川崎市,286,213,24,621,0.5,false,false,1700,900,300,0,217
XM01-968,電化製品,福岡県福岡市,286,213,24,741,0.3,false,true,1200,700,300,0,218
XY05-985,医薬品,福岡県福岡市,250,180,120,952,1.6,true,true,1500,700,300,0,219
XM02-931,家具,愛知県名古屋市,232,133,22,848,0.2,false,true,0,400,300,0,220
XY13-385,日用品,東京都品川区,330,255,30,663,0.4,false,true,900,400,300,0,221
XM01-360,文具,東京都新宿区,286,213,24,602,0.5,false,true,1700,400,300,0,222
X08-907,衣類,東京都渋谷区,315,245,105,951,1.6,true,false,300,300,300,0,223
XY05-378,玩具,神奈川県川崎市,250,180,120,369,1.7,false,false,300,100,300,0,224
XM02-003,衣類,北海道札幌市,232,133,22,745,0.2,false,true,700,100,300,0,225
XM01-169,食品,大阪府大阪市,286,213,24,986,0.4,true,false,1000,100,300,0,226
XM02-768,飲料,東京都港区,232,133,22,827,0.2,false,true,1700,100,300,0,227
XY13-046,化粧品,北海道札幌市,330,255,30,979,0.5,true,true,0,4100,400,0,228
XM01-292,雑貨,東京都港区,286,213,24,710,0.3,false,false,1000,4100,400,0,229
XM01-1007,衣類,大阪府大阪市,286,213,24,637,0.5,false,true,1500,4000,400,0,230
XM02-106,玩具,大阪府大阪市,232,133,22,866,0.1,false,true,1000,3900,400,0,231
XY13-315,工具,北海道札幌市,330,255,30,554,0.7,false,true,200,3600,400,0,232
XM01-489,化粧品,福岡県福岡市,286,213,24,611,0.5,false,true,600,3600,400,0,233
X12-426,日用品,千葉県千葉市,485,325,295,134,9.4,false,false,900,3500,400,0,234
X12-859,家具,埼玉県さいたま市,485,325,295,912,12.3,true,true,1500,3500,400,0,235
XM02-308,書籍,東京都渋谷区,232,133,22,876,0.1,false,true,1300,3300,400,0,236
X08-025,飲料,福岡県福岡市,315,245,105,338,1.9,false,true,0,3200,400,0,237
X08-674,食品,北海道札幌市,315,245,105,363,1.8,false,true,500,3200,400,0,238
XM02-763,電化製品,東京都港区,232,133,22,825,0.2,false,true,1700,3200,400,0,239
XY05-401,ペット用品,愛知県名古屋市,250,180,120,488,1,false,true,0,3000,400,0,240
X08-306,電化製品,神奈川県川崎市,315,245,105,311,2.3,false,true,400,2900,400,0,241
XM02-088,玩具,東京都渋谷区,232,133,22,750,0.2,false,true,100,2800,400,0,242
XM01-654,雑貨,東京都目黒区,286,213,24,816,0.2,false,true,900,2700,400,0,243
XY05-332,家具,神奈川県横浜市,250,180,120,475,1.1,false,true,1300,2700,400,0,244
XM01-267,ペット用品,東京都目黒区,286,213,24,596,0.5,false,true,1700,2700,400,0,245
XM02-330,飲料,神奈川県川崎市,232,133,22,775,0.2,false,true,300,2600,400,0,246
XY05-320,書籍,東京都港区,250,180,120,389,1.6,false,true,600,2600,400,0,247
XM01-204,玩具,東京都目黒区,286,213,24,705,0.3,false,true,0,2500,400,0,248
XY05-441,化粧品,大阪府大阪市,250,180,120,392,1.6,false,true,600,2400,400,0,249
X08-537,家具,神奈川県川崎市,315,245,105,452,1.3,false,true,1100,2400,400,0,250
XY13-546,玩具,東京都目黒区,330,255,30,614,0.5,false,true,0,2100,400,0,251
XY05-268,電化製品,千葉県千葉市,250,180,120,506,0.9,false,true,900,1900,400,0,252
XY13-127,食品,東京都渋谷区,330,255,30,501,0.9,false,true,1400,1900,400,0,253
X11-372,雑貨,東京都目黒区,405,305,255,162,8.6,false,false,300,1700,400,0,254
XY05-1002,スポーツ用品,大阪府大阪市,250,180,120,495,1,false,true,1700,1700,400,0,255
XY05-149,スポーツ用品,神奈川県川崎市,250,180,120,502,0.9,false,true,1400,1600,400,0,256
XM02-904,書籍,北海道札幌市,232,133,22,846,0.2,false,true,200,1500,400,0,257
XM02-413,電化製品,千葉県千葉市,232,133,22,784,0.2,false,true,500,1500,400,0,258
XM01-578,衣類,北海道札幌市,286,213,24,809,0.2,false,true,800,1500,400,0,259
XM02-839,食品,神奈川県横浜市,232,133,22,903,0.1,false,true,1100,1400,400,0,260
XY13-983,工具,神奈川県横浜市,330,255,30,586,0.6,false,true,1400,1300,400,0,261
X08-627,家具,東京都港区,315,245,105,334,2,false,true,700,1100,400,0,262
XM01-370,文具,東京都渋谷区,286,213,24,994,0.3,true,true,1200,1000,400,0,263
XY05-593,化粧品,福岡県福岡市,250,180,120,397,1.6,false,true,200,900,400,0,264
X11-893,雑貨,東京都目黒区,405,305,255,936,7.3,true,true,1500,900,400,0,265
XM01-081,玩具,東京都港区,286,213,24,985,0.4,true,true,500,800,400,0,266
XM02-619,工具,愛知県名古屋市,232,133,22,810,0.2,false,true,1200,700,400,0,267
X08-832,工具,埼玉県さいたま市,315,245,105,295,2.6,false,true,100,600,400,0,268
XM02-552,日用品,神奈川県横浜市,232,133,22,887,0.1,false,true,800,600,400,0,269
XM01-690,化粧品,千葉県千葉市,286,213,24,624,0.5,false,true,1300,400,400,0,270
XM01-840,工具,東京都新宿区,286,213,24,839,0.2,false,true,1600,400,400,0,271
XM01-600,日用品,福岡県福岡市,286,213,24,617,0.5,false,true,0,200,400,0,272
XM01-702,雑貨,東京都品川区,286,213,24,681,0.4,false,true,700,200,400,0,273
X08-002,家具,東京都港区,315,245,105,314,2.2,false,false,1000,100,400,0,274
X08-943,医薬品,大阪府大阪市,315,245,105,458,1.3,false,true,1400,100,400,0,275
XY05-994,日用品,福岡県福岡市,250,180,120,382,1.7,false,true,200,4100,500,0,276
XM01-458,電化製品,福岡県福岡市,286,213,24,668,0.4,false,true,700,4000,500,0,277
X11-237,衣類,東京都品川区,405,305,255,940,5.5,true,true,1000,4000,500,0,278
X11-262,工具,千葉県千葉市,405,305,255,937,6.5,true,true,1500,3900,500,0,279
XM01-155,玩具,東京都渋谷区,286,213,24,649,0.4,false,true,400,3800,500,0,280
X08-701,化粧品,福岡県福岡市,315,245,105,283,2.7,false,true,0,3700,500,0,281
XM02-050,雑貨,神奈川県川崎市,232,133,22,747,0.2,false,true,400,3600,500,0,282
XM02-468,工具,千葉県千葉市,232,133,22,792,0.2,false,true,1700,3300,500,0,283
XM01-058,文具,埼玉県さいたま市,286,213,24,642,0.4,false,true,900,3200,500,0,284
XY05-134,スポーツ用品,愛知県名古屋市,250,180,120,408,1.5,false,true,1700,3100,500,0,285
X11-487,工具,東京都港区,405,305,255,930,7.6,true,true,1200,3000,500,0,286
XM01-107,電化製品,東京都目黒区,286,213,24,646,0.4,false,true,900,2900,500,0,287
XM02-309,家具,東京都渋谷区,232,133,22,773,0.2,false,true,1000,2700,500,0,288
XY13-906,飲料,千葉県千葉市,330,255,30,633,0.5,false,true,1600,2700,500,0,289
X08-084,工具,福岡県福岡市,315,245,105,306,2.4,false,true,100,2600,500,0,290
X08-104,日用品,千葉県千葉市,315,245,105,298,2.5,false,true,0,2300,500,0,291
XY05-788,医薬品,神奈川県川崎市,250,180,120,381,1.7,false,true,100,2100,500,0,292
XY13-464,玩具,神奈川県横浜市,330,255,30,527,0.8,false,true,700,2100,500,0,293
XY13-079,書籍,大阪府大阪市,330,255,30,547,0.7,false,true,1100,2100,500,0,294
X08-528,ペット用品,東京都品川区,315,245,105,328,2.1,false,true,1600,2000,500,0,295
XM01-782,スポーツ用品,埼玉県さいたま市,286,213,24,686,0.4,false,false,1200,1800,500,0,296
XM02-041,飲料,東京都目黒区,232,133,22,861,0.1,false,true,0,1700,500,0,297
XM02-799,文具,千葉県千葉市,232,133,22,899,0.1,false,true,900,1700,500,0,298
XM02-110,医薬品,北海道札幌市,232,133,22,867,0.1,false,true,200,1500,500,0,299
XY05-387,工具,福岡県福岡市,250,180,120,957,1.4,true,true,600,1500,500,0,300
XM01-779,医薬品,東京都品川区,286,213,24,832,0.2,false,true,1000,1400,500,0,301
XM02-846,化粧品,東京都港区,232,133,22,840,0.2,false,true,1300,1400,500,0,302
XM02-301,飲料,神奈川県横浜市,232,133,22,874,0.1,false,true,1600,1400,500,0,303
XM02-141,家具,大阪府大阪市,232,133,22,755,0.2,false,true,1200,1200,500,0,304
XY05-965,文具,東京都品川区,250,180,120,470,1.2,false,true,900,900,500,0,305
XM01-902,雑貨,東京都渋谷区,286,213,24,736,0.3,false,false,1200,900,500,0,306
XM01-658,ペット用品,愛知県名古屋市,286,213,24,728,0.3,false,true,500,700,500,0,307
X08-016,衣類,埼玉県さいたま市,315,245,105,304,2.4,false,true,1600,600,500,0,308
XM02-410,書籍,東京都品川区,232,133,22,783,0.2,false,false,700,500,500,0,309
X11-331,スポーツ用品,神奈川県川崎市,405,305,255,143,9.2,false,true,1000,500,500,0,310
XM01-189,ペット用品,東京都渋谷区,286,213,24,651,0.4,false,true,400,300,500,0,311
X08-547,雑貨,北海道札幌市,315,245,105,276,2.8,false,true,0,200,500,0,312
X08-761,食品,北海道札幌市,315,245,105,380,1.7,false,true,500,0,500,0,313
XM01-982,ペット用品,東京都港区,286,213,24,635,0.5,false,true,700,4100,600,0,314
XM02-416,工具,東京都品川区,232,133,22,880,0.1,false,true,400,3800,600,0,315
X11-393,衣類,北海道札幌市,405,305,255,252,5.6,false,true,400,3400,600,0,316
XY05-686,ペット用品,東京都目黒区,250,180,120,969,0.9,true,true,1700,3300,600,0,317
X08-151,家具,大阪府大阪市,315,245,105,325,2.1,false,true,0,3200,600,0,318
X08-873,家具,神奈川県横浜市,315,245,105,418,1.5,false,true,600,3100,600,0,319
XY05-780,雑貨,東京都渋谷区,250,180,120,364,1.8,false,true,300,3000,600,0,320
XM01-984,書籍,北海道札幌市,286,213,24,636,0.5,false,true,0,2900,600,0,321
XM02-211,雑貨,東京都目黒区,232,133,22,871,0.1,false,true,1200,2800,600,0,322
XY13-928,工具,東京都目黒区,330,255,30,540,0.8,false,true,800,2700,600,0,323
XM01-010,衣類,埼玉県さいたま市,286,213,24,638,0.4,false,false,1500,2600,600,0,324
XM01-673,衣類,東京都新宿区,286,213,24,729,0.3,false,true,500,2500,600,0,325
XM02-049,食品,東京都渋谷区,232,133,22,862,0.1,false,true,800,2500,600,0,326
XM02-940,医薬品,北海道札幌市,232,133,22,849,0.2,false,true,1100,2500,600,0,327
XM02-280,ペット用品,神奈川県川崎市,232,133,22,770,0.2,false,true,1400,2300,600,0,328
XY13-447,食品,東京都目黒区,330,255,30,665,0.4,false,true,400,2200,600,0,329
XY13-672,衣類,東京都渋谷区,330,255,30,582,0.6,false,true,900,2200,600,0,330
XY05-778,食品,東京都新宿区,250,180,120,961,1.3,true,true,800,1900,600,0,331
XM01-915,ペット用品,東京都目黒区,286,213,24,737,0.3,false,true,1100,1900,600,0,332
X11-226,ペット用品,神奈川県横浜市,405,305,255,262,5,false,true,900,1500,600,0,333
XY13-080,医薬品,東京都目黒区,330,255,30,643,0.4,false,true,1500,1500,600,0,334
XM01-349,雑貨,大阪府大阪市,286,213,24,715,0.3,false,true,200,1400,600,0,335
XY05-163,衣類,愛知県名古屋市,250,180,120,409,1.5,false,true,700,1300,600,0,336
XY05-065,工具,愛知県名古屋市,250,180,120,498,0.9,false,true,200,1100,600,0,337
X11-533,文具,神奈川県横浜市,405,305,255,928,9,true,true,1000,1100,600,0,338
X08-675,玩具,福岡県福岡市,315,245,105,414,1.5,false,true,500,1000,600,0,339
X08-283,雑貨,北海道札幌市,315,245,105,300,2.5,false,true,0,800,600,0,340
XM02-229,スポーツ用品,福岡県福岡市,232,133,22,872,0.1,false,true,300,600,600,0,341
XY13-499,日用品,大阪府大阪市,330,255,30,574,0.6,false,true,600,600,600,0,342
XM01-092,雑貨,北海道札幌市,286,213,24,701,0.3,false,true,0,500,600,0,343
XY05-252,化粧品,東京都目黒区,250,180,120,384,1.6,false,true,600,300,600,0,344
XY13-748,医薬品,大阪府大阪市,330,255,30,685,0.4,false,true,1600,300,600,0,345
XY13-753,文具,東京都新宿区,330,255,30,537,0.8,false,true,900,200,600,0,346
XM02-448,玩具,千葉県千葉市,232,133,22,791,0.2,false,true,1300,200,600,0,347
XY05-888,家具,東京都渋谷区,250,180,120,457,1.3,false,true,1100,0,600,0,348
XY05-576,医薬品,大阪府大阪市,250,180,120,431,1.4,false,false,1600,0,600,0,349
XY05-353,ペット用品,神奈川県横浜市,250,180,120,476,1.1,false,true,100,4200,700,0,350
XY05-938,日用品,福岡県福岡市,250,180,120,469,1.2,false,true,400,4100,700,0,351
XM01-757,玩具,福岡県福岡市,286,213,24,733,0.3,false,true,700,4100,700,0,352
X08-711,ペット用品,福岡県福岡市,315,245,105,402,1.6,false,true,100,3800,700,0,353
XY13-180,雑貨,北海道札幌市,330,255,30,522,0.8,false,true,500,3800,700,0,354
XY13-812,化粧品,東京都品川区,330,255,30,515,0.9,false,true,1100,3600,700,0,355
X08-503,スポーツ用品,千葉県千葉市,315,245,105,294,2.6,false,true,0,3500,700,0,356
XY13-539,飲料,東京都品川区,330,255,30,972,0.8,true,true,1600,3500,700,0,357
XY05-853,飲料,東京都品川区,250,180,120,491,1,false,false,900,3400,700,0,358
XM01-656,飲料,北海道札幌市,286,213,24,817,0.2,false,true,1700,3000,700,0,359
XM01-299,雑貨,千葉県千葉市,286,213,24,658,0.4,false,true,0,2800,700,0,360
XM01-082,衣類,東京都渋谷区,286,213,24,644,0.4,false,true,700,2800,700,0,361
XY05-128,日用品,福岡県福岡市,250,180,120,341,1.9,false,true,1100,2800,700,0,362
XY05-612,日用品,愛知県名古屋市,250,180,120,413,1.5,false,true,300,2700,700,0,363
XY05-318,飲料,東京都目黒区,250,180,120,508,0.9,false,true,0,2600,700,0,364
X11-947,ペット用品,愛知県名古屋市,405,305,255,920,9.9,true,true,1400,2600,700,0,365
X12-073,玩具,福岡県福岡市,485,325,295,24,14.1,false,true,800,2400,700,0,366
X12-1008,ペット用品,北海道札幌市,485,325,295,185,8.1,false,true,300,2300,700,0,367
XY05-628,玩具,東京都目黒区,250,180,120,489,1,false,true,0,2200,700,0,368
X12-631,書籍,愛知県名古屋市,485,325,295,208,7.5,false,true,1500,2200,700,0,369
XY05-728,日用品,北海道札幌市,250,180,120,490,1,false,true,1000,2100,700,0,370
XM01-865,スポーツ用品,大阪府大阪市,286,213,24,990,0.4,true,true,0,1900,700,0,371
X11-054,雑貨,東京都品川区,405,305,255,244,5.9,false,true,300,1900,700,0,372
XM01-496,ペット用品,東京都港区,286,213,24,996,0.3,true,true,1300,1900,700,0,373
XM01-553,雑貨,大阪府大阪市,286,213,24,726,0.3,false,true,1600,1800,700,0,374
XY05-123,医薬品,神奈川県横浜市,250,180,120,500,0.9,false,true,200,1700,700,0,375
XM02-427,飲料,千葉県千葉市,232,133,22,786,0.2,false,true,500,1700,700,0,376
X12-723,医薬品,東京都港区,485,325,295,53,12.2,false,true,1500,1400,700,0,377
X11-958,飲料,東京都渋谷区,405,305,255,90,10.6,false,true,200,1300,700,0,378
XY05-609,食品,愛知県名古屋市,250,180,120,479,1.1,false,true,1500,1100,700,0,379
XM02-198,医薬品,埼玉県さいたま市,232,133,22,760,0.2,false,true,1100,900,700,0,380
XY05-433,文具,埼玉県さいたま市,250,180,120,463,1.2,false,true,500,800,700,0,381
X12-655,書籍,東京都港区,485,325,295,140,9.3,false,true,1500,600,700,0,382
XY13-405,工具,福岡県福岡市,330,255,30,573,0.6,false,true,400,500,700,0,383
XY13-914,日用品,神奈川県横浜市,330,255,30,539,0.8,false,true,0,400,700,0,384
XY13-314,医薬品,大阪府大阪市,330,255,30,525,0.8,false,true,1300,200,700,0,385
X08-067,衣類,東京都渋谷区,315,245,105,273,2.8,false,true,200,100,700,0,386
XY13-094,医薬品,東京都品川区,330,255,30,549,0.7,false,true,700,0,700,0,387
XM02-706,電化製品,福岡県福岡市,232,133,22,896,0.1,false,true,1200,4200,800,0,388
XM02-525,文具,神奈川県横浜市,232,133,22,805,0.2,false,true,1200,4000,800,0,389
XM02-490,玩具,大阪府大阪市,232,133,22,796,0.2,false,true,1700,4000,800,0,390
X12-324,家具,北海道札幌市,485,325,295,913,11.8,true,true,700,3900,800,0,391
XM02-096,家具,大阪府大阪市,232,133,22,752,0.2,false,false,1400,3700,800,0,392
XM01-920,雑貨,東京都品川区,286,213,24,847,0.2,false,true,1700,3700,800,0,393
XM01-676,ペット用品,東京都目黒区,286,213,24,730,0.3,false,true,900,3600,800,0,394
XM02-629,文具,神奈川県川崎市,232,133,22,812,0.2,false,false,1200,3500,800,0,395
X12-731,玩具,神奈川県川崎市,485,325,295,217,7.3,false,true,1500,3300,800,0,396
XM01-111,工具,東京都目黒区,286,213,24,703,0.3,false,true,0,3200,800,0,397
XY13-798,食品,東京都目黒区,330,255,30,632,0.5,false,false,500,3100,800,0,398
XM02-876,飲料,東京都品川区,232,133,22,845,0.2,false,true,1600,3100,800,0,399
XM02-669,文具,東京都目黒区,232,133,22,818,0.2,false,true,200,3000,800,0,400
X12-760,日用品,東京都新宿区,485,325,295,11,15.3,false,true,900,3000,800,0,401
XY05-811,玩具,福岡県福岡市,250,180,120,436,1.4,false,true,800,2800,800,0,402
XY05-604,スポーツ用品,福岡県福岡市,250,180,120,478,1.1,false,true,1700,2000,800,0,403
XM01-953,工具,東京都新宿区,286,213,24,852,0.2,false,true,0,1900,800,0,404
XY13-286,日用品,千葉県千葉市,330,255,30,975,0.6,true,true,1300,1900,800,0,405
XY05-801,食品,愛知県名古屋市,250,180,120,435,1.4,false,true,1700,1800,800,0,406
XM01-133,家具,東京都渋谷区,286,213,24,648,0.4,false,true,400,1000,800,0,407
XM01-061,スポーツ用品,東京都新宿区,286,213,24,591,0.5,false,true,700,1000,800,0,408
XM01-397,家具,福岡県福岡市,286,213,24,718,0.3,false,true,0,900,800,0,409
X11-250,書籍,大阪府大阪市,405,305,255,939,5.8,true,true,900,600,800,0,410
XY05-136,ペット用品,神奈川県横浜市,250,180,120,472,1.1,false,true,0,500,800,0,411
X12-870,書籍,埼玉県さいたま市,485,325,295,112,10,false,false,300,400,800,0,412
XY05-930,ペット用品,東京都品川区,250,180,120,541,0.8,false,true,800,400,800,0,413
XY05-271,飲料,東京都品川区,250,180,120,487,1,false,true,1100,300,800,0,414
XY13-683,スポーツ用品,北海道札幌市,330,255,30,512,0.9,false,true,1400,300,800,0,415
X12-069,玩具,東京都目黒区,485,325,295,220,7.1,false,true,600,0,800,0,416
XY05-786,雑貨,東京都品川区,250,180,120,455,1.3,false,true,1100,0,800,0,417
XM01-582,書籍,埼玉県さいたま市,286,213,24,727,0.3,false,true,1500,0,800,0,418
X12-404,化粧品,東京都目黒区,485,325,295,67,11.3,false,false,1400,4000,900,0,419
X12-087,家具,東京都港区,485,325,295,35,13.3,false,true,200,3900,900,0,420
XM02-144,文具,埼玉県さいたま市,232,133,22,756,0.2,false,true,100,3700,900,0,421
XY05-125,食品,東京都新宿区,250,180,120,340,1.9,false,true,1300,3700,900,0,422
X08-809,日用品,埼玉県さいたま市,315,245,105,404,1.6,false,true,1600,3700,900,0,423
XY13-881,衣類,東京都渋谷区,330,255,30,983,0.5,true,true,400,3600,900,0,424
X12-946,雑貨,大阪府大阪市,485,325,295,30,13.8,false,false,800,3500,900,0,425
X11-199,飲料,千葉県千葉市,405,305,255,257,5.4,false,true,200,3200,900,0,426
XM02-171,ペット用品,東京都新宿区,232,133,22,1005,0.1,true,true,1400,3100,900,0,427
X11-236,書籍,東京都目黒区,405,305,255,261,5.1,false,true,200,2800,900,0,428
XM02-805,飲料,千葉県千葉市,232,133,22,835,0.2,false,true,0,2200,900,0,429
XY13-646,衣類,東京都港区,330,255,30,620,0.5,false,true,800,2100,900,0,430
XM02-887,衣類,東京都渋谷区,232,133,22,1001,0.2,true,false,900,1800,900,0,431
X11-589,スポーツ用品,東京都品川区,405,305,255,238,6.3,false,true,1200,1800,900,0,432
XY05-855,家具,東京都目黒区,250,180,120,468,1.2,false,true,900,1600,900,0,433
XY05-247,日用品,東京都目黒区,250,180,120,474,1.1,false,true,1200,1600,900,0,434
XY13-432,日用品,神奈川県横浜市,330,255,30,558,0.7,false,true,900,1300,900,0,435
X08-400,スポーツ用品,東京都渋谷区,315,245,105,429,1.4,false,true,300,1000,900,0,436
X08-440,飲料,神奈川県横浜市,315,245,105,327,2.1,false,true,900,1000,900,0,437
X11-614,書籍,千葉県千葉市,405,305,255,248,5.7,false,true,1300,1000,900,0,438
XM02-270,家具,大阪府大阪市,232,133,22,873,0.1,false,true,0,800,900,0,439
XY05-421,家具,福岡県福岡市,250,180,120,372,1.7,false,true,400,800,900,0,440
X12-117,ペット用品,愛知県名古屋市,485,325,295,26,13.8,false,true,1500,200,900,0,441
X11-197,衣類,東京都品川区,405,305,255,144,9.1,false,true,0,0,900,0,442
XM02-129,日用品,愛知県名古屋市,232,133,22,754,0.2,false,true,1500,0,900,0,443
XY05-357,ペット用品,神奈川県横浜市,250,180,120,358,1.8,false,true,0,3700,1000,0,444
X08-826,スポーツ用品,神奈川県横浜市,315,245,105,437,1.4,false,true,300,3600,1000,0,445
XY13-051,衣類,東京都品川区,330,255,30,545,0.7,false,true,1600,2900,1000,0,446
XM01-851,化粧品,埼玉県さいたま市,286,213,24,689,0.4,false,true,1000,2700,1000,0,447
X11-935,電化製品,神奈川県横浜市,405,305,255,235,6.6,false,false,1500,2500,1000,0,448
XM01-216,家具,東京都目黒区,286,213,24,654,0.4,false,false,100,2400,1000,0,449
X11-671,飲料,東京都港区,405,305,255,234,6.6,false,true,500,2400,1000,0,450
X08-606,雑貨,神奈川県川崎市,315,245,105,278,2.8,false,true,1100,2400,1000,0,451
XY05-739,日用品,東京都新宿区,250,180,120,481,1.1,false,true,300,2200,1000,0,452
XM02-429,電化製品,千葉県千葉市,232,133,22,787,0.2,false,true,1100,2200,1000,0,453
X08-519,電化製品,東京都品川区,315,245,105,451,1.3,false,true,1500,2200,1000,0,454
X11-337,玩具,千葉県千葉市,405,305,255,230,6.8,false,true,600,1900,1000,0,455
XY05-560,化粧品,神奈川県川崎市,250,180,120,958,1.4,true,true,1700,1900,1000,0,456
X12-062,家具,東京都品川区,485,325,295,71,11,false,true,0,1700,1000,0,457
XY13-903,書籍,埼玉県さいたま市,330,255,30,564,0.7,false,true,500,1600,1000,0,458
XM02-038,書籍,福岡県福岡市,232,133,22,746,0.2,false,true,300,1400,1000,0,459
X11-118,ペット用品,神奈川県川崎市,405,305,255,196,7.7,false,true,1500,1400,1000,0,460
XM02-963,電化製品,福岡県福岡市,232,133,22,1003,0.2,true,true,0,1300,1000,0,461
XM02-307,電化製品,愛知県名古屋市,232,133,22,875,0.1,false,true,600,1300,1000,0,462
XY13-684,電化製品,北海道札幌市,330,255,30,560,0.7,false,true,900,1300,1000,0,463
XM02-776,家具,東京都渋谷区,232,133,22,830,0.2,false,true,0,800,1000,0,464
X08-975,工具,神奈川県横浜市,315,245,105,287,2.7,false,true,1400,700,1000,0,465
X08-790,玩具,東京都目黒区,315,245,105,962,1.3,true,true,1100,200,1000,0,466
XY05-661,文具,東京都新宿区,250,180,120,400,1.6,false,true,1200,0,1000,0,467
XY05-707,飲料,神奈川県川崎市,250,180,120,434,1.4,false,true,1600,0,1000,0,468
XM01-234,ペット用品,東京都港区,286,213,24,706,0.3,false,true,900,4000,1100,0,469
XM01-569,ペット用品,神奈川県川崎市,286,213,24,616,0.5,false,true,1400,3700,1100,0,470
XM01-223,日用品,千葉県千葉市,286,213,24,993,0.3,true,true,1700,3700,1100,0,471
XM01-716,ペット用品,東京都品川区,286,213,24,627,0.5,false,true,1500,3400,1100,0,472
XM02-056,飲料,東京都渋谷区,232,133,22,863,0.1,false,true,1200,3300,1100,0,473
XM01-436,玩具,埼玉県さいたま市,286,213,24,606,0.5,false,false,700,3100,1100,0,474
X11-992,ペット用品,北海道札幌市,405,305,255,193,7.9,false,true,1100,2900,1100,0,475
XY13-644,雑貨,東京都品川区,330,255,30,982,0.5,true,true,1600,2900,1100,0,476
XY13-115,玩具,東京都目黒区,330,255,30,593,0.5,false,true,700,2800,1100,0,477
XY05-068,電化製品,神奈川県川崎市,250,180,120,499,0.9,false,true,1200,2700,1100,0,478
XY13-027,雑貨,埼玉県さいたま市,330,255,30,640,0.4,false,true,0,2500,1100,0,479
XM02-431,食品,千葉県千葉市,232,133,22,788,0.2,false,true,0,2300,1100,0,480
XY05-381,雑貨,埼玉県さいたま市,250,180,120,370,1.7,false,true,1200,2200,1100,0,481
XM01-086,書籍,東京都港区,286,213,24,645,0.4,false,true,700,1600,1100,0,482
XY13-398,ペット用品,東京都新宿区,330,255,30,572,0.6,false,false,200,1400,1100,0,483
X08-944,書籍,北海道札幌市,315,245,105,944,2.3,true,true,1100,1400,1100,0,484
X11-709,電化製品,千葉県千葉市,405,305,255,228,6.9,false,true,600,1200,1100,0,485
XY13-641,電化製品,福岡県福岡市,330,255,30,619,0.5,false,true,200,1000,1100,0,486
XY05-245,飲料,北海道札幌市,250,180,120,486,1,false,true,700,1000,1100,0,487
XM02-523,医薬品,埼玉県さいたま市,232,133,22,804,0.2,false,true,1000,1000,1100,0,488
XM02-764,雑貨,北海道札幌市,232,133,22,826,0.2,false,true,100,700,1100,0,489
XY13-670,文具,東京都品川区,330,255,30,581,0.6,false,true,400,700,1100,0,490
X08-623,衣類,大阪府大阪市,315,245,105,345,1.9,false,true,800,700,1100,0,491
XY05-026,工具,東京都港区,250,180,120,497,0.9,false,true,1200,500,1100,0,492
XM02-608,家具,東京都品川区,232,133,22,893,0.1,false,true,200,400,1100,0,493
X12-543,化粧品,神奈川県川崎市,485,325,295,212,7.4,false,true,500,200,1100,0,494
XY05-660,飲料,福岡県福岡市,250,180,120,466,1.2,false,true,700,0,1100,0,495
XY13-296,食品,東京都渋谷区,330,255,30,524,0.8,false,true,1600,4100,1200,0,496
X12-647,飲料,北海道札幌市,485,325,295,7,15.7,false,true,0,4000,1200,0,497
X11-071,食品,千葉県千葉市,405,305,255,170,8.4,false,true,600,4000,1200,0,498
X12-122,電化製品,東京都渋谷区,485,325,295,36,13.3,false,true,1100,3800,1200,0,499
XM01-877,スポーツ用品,福岡県福岡市,286,213,24,735,0.3,false,true,1600,3800,1200,0,500
X11-495,工具,大阪府大阪市,405,305,255,266,4.9,false,true,0,3600,1200,0,501
X11-380,ペット用品,千葉県千葉市,405,305,255,239,6.2,false,false,600,3600,1200,0,502
XY05-695,家具,大阪府大阪市,250,180,120,955,1.5,true,false,1100,3600,1200,0,503
XY05-838,飲料,千葉県千葉市,250,180,120,438,1.4,false,false,400,3400,1200,0,504
XY05-856,日用品,愛知県名古屋市,250,180,120,417,1.5,false,true,700,3400,1200,0,505
X11-868,書籍,東京都新宿区,405,305,255,231,6.8,false,true,1400,3400,1200,0,506
X08-281,工具,埼玉県さいたま市,315,245,105,299,2.5,false,false,1000,3300,1200,0,507
XY05-364,家具,北海道札幌市,250,180,120,427,1.4,false,true,500,3200,1200,0,508
X11-989,飲料,東京都新宿区,405,305,255,223,7.1,false,true,0,3000,1200,0,509
XY05-800,日用品,福岡県福岡市,250,180,120,482,1.1,false,false,600,3000,1200,0,510
X08-483,雑貨,東京都新宿区,315,245,105,321,2.2,false,true,1600,3000,1200,0,511
XM02-997,書籍,神奈川県横浜市,232,133,22,907,0.1,false,true,600,2800,1200,0,512
XM01-098,電化製品,埼玉県さいたま市,286,213,24,702,0.3,false,true,200,2600,1200,0,513
XY13-089,工具,北海道札幌市,330,255,30,548,0.7,false,true,1000,2400,1200,0,514
XY13-007,医薬品,東京都港区,330,255,30,496,0.9,false,true,1600,2200,1200,0,515
X11-813,医薬品,神奈川県横浜市,405,305,255,165,8.5,false,true,0,2100,1200,0,516
XM02-384,スポーツ用品,東京都新宿区,232,133,22,780,0.2,false,true,1600,2000,1200,0,517
X11-161,スポーツ用品,神奈川県川崎市,405,305,255,75,10.9,false,true,1100,1800,1200,0,518
XM01-470,家具,東京都港区,286,213,24,793,0.2,false,true,500,1600,1200,0,519
XM01-976,電化製品,東京都港区,286,213,24,742,0.3,false,true,800,1600,1200,0,520
XM02-479,家具,大阪府大阪市,232,133,22,794,0.2,false,true,200,1500,1200,0,521
X08-964,家具,東京都新宿区,315,245,105,313,2.3,false,true,200,1200,1200,0,522
XM02-182,スポーツ用品,大阪府大阪市,232,133,22,1006,0.1,true,true,1700,1200,1200,0,523
XM01-290,電化製品,東京都渋谷区,286,213,24,709,0.3,false,true,1100,1100,1200,0,524
XM01-445,家具,東京都品川区,286,213,24,790,0.2,false,true,1400,1100,1200,0,525
XM01-266,化粧品,大阪府大阪市,286,213,24,707,0.3,false,true,1700,900,1200,0,526
X11-167,家具,神奈川県横浜市,405,305,255,86,10.6,false,false,200,700,1200,0,527
X11-883,工具,神奈川県横浜市,405,305,255,84,10.7,false,true,1200,700,1200,0,528
XM02-766,玩具,北海道札幌市,232,133,22,1008,0.1,true,true,1700,700,1200,0,529
XM02-422,電化製品,愛知県名古屋市,232,133,22,881,0.1,false,true,1500,500,1200,0,530
XY05-825,雑貨,埼玉県さいたま市,250,180,120,483,1.1,false,true,100,400,1200,0,531
XY05-527,文具,埼玉県さいたま市,250,180,120,395,1.6,false,true,1000,200,1200,0,532
X08-439,医薬品,千葉県千葉市,315,245,105,360,1.8,false,false,0,100,1200,0,533
X12-461,ペット用品,福岡県福岡市,485,325,295,55,12,false,false,1300,100,1200,0,534
XY05-756,家具,東京都目黒区,250,180,120,415,1.5,false,true,400,0,1200,0,535
XM01-130,雑貨,福岡県福岡市,286,213,24,647,0.4,false,true,1600,4000,1300,0,536
XY05-261,医薬品,東京都新宿区,250,180,120,385,1.6,false,true,900,2700,1300,0,537
XY13-454,医薬品,北海道札幌市,330,255,30,667,0.4,false,true,1600,2700,1300,0,538
XY05-951,医薬品,東京都港区,250,180,120,419,1.5,false,true,0,2600,1300,0,539
X12-912,工具,福岡県福岡市,485,325,295,29,13.8,false,true,300,2600,1300,0,540
X11-390,玩具,愛知県名古屋市,405,305,255,251,5.6,false,true,800,2300,1300,0,541
X11-616,食品,東京都港区,405,305,255,926,9.3,true,false,1500,2200,1300,0,542
X08-810,医薬品,大阪府大阪市,315,245,105,284,2.7,false,true,600,2000,1300,0,543
XY05-323,化粧品,大阪府大阪市,250,180,120,410,1.5,false,true,800,1800,1300,0,544
XY05-642,食品,神奈川県横浜市,250,180,120,362,1.8,false,true,0,1700,1300,0,545
X08-008,雑貨,千葉県千葉市,315,245,105,272,2.8,false,false,1600,1700,1300,0,546
X11-562,医薬品,埼玉県さいたま市,405,305,255,247,5.7,false,true,300,1600,1300,0,547
XY05-242,飲料,大阪府大阪市,250,180,120,473,1.1,false,true,1100,1600,1300,0,548
XY05-730,家具,東京都品川区,250,180,120,514,0.9,false,true,1700,1400,1300,0,549
X12-884,化粧品,東京都目黒区,485,325,295,152,8.8,false,true,1200,1200,1300,0,550
XM02-192,書籍,東京都新宿区,232,133,22,759,0.2,false,true,1700,1100,1300,0,551
XM01-491,食品,北海道札幌市,286,213,24,797,0.2,false,true,1700,700,1300,0,552
X11-814,食品,東京都目黒区,405,305,255,268,4.8,false,true,700,600,1300,0,553
XM02-285,文具,東京都港区,232,133,22,771,0.2,false,true,1300,500,1300,0,554
XM02-679,化粧品,福岡県福岡市,232,133,22,819,0.2,false,true,1700,500,1300,0,555
XY05-803,スポーツ用品,東京都渋谷区,250,180,120,538,0.8,false,true,1000,400,1300,0,556
XY05-194,衣類,埼玉県さいたま市,250,180,120,355,1.8,false,false,800,0,1300,0,557
XM02-777,スポーツ用品,埼玉県さいたま市,232,133,22,831,0.2,false,true,1600,4100,1400,0,558
XM01-343,飲料,東京都渋谷区,286,213,24,713,0.3,false,true,1600,3800,1400,0,559
XM01-545,家具,東京都渋谷区,286,213,24,725,0.3,false,true,1100,3500,1400,0,560
XY05-522,玩具,神奈川県川崎市,250,180,120,464,1.2,false,true,700,3300,1400,0,561
XM02-550,スポーツ用品,埼玉県さいたま市,232,133,22,807,0.2,false,true,1100,3300,1400,0,562
XY05-602,スポーツ用品,東京都新宿区,250,180,120,399,1.6,false,true,600,3100,1400,0,563
X11-708,医薬品,北海道札幌市,405,305,255,259,5.4,false,true,900,2900,1400,0,564
X12-153,医薬品,東京都目黒区,485,325,295,37,13.3,false,true,1500,2800,1400,0,565
XY05-974,化粧品,東京都品川区,250,180,120,484,1.1,false,true,1500,2600,1400,0,566
XY05-995,書籍,北海道札幌市,250,180,120,494,1,false,false,0,1400,1400,0,567
XY05-215,食品,東京都品川区,250,180,120,959,1.3,true,true,400,1400,1400,0,568
XM01-966,文具,福岡県福岡市,286,213,24,695,0.4,false,true,800,1400,1400,0,569
XY05-430,文具,大阪府大阪市,250,180,120,462,1.2,false,true,0,1200,1400,0,570
XM02-425,医薬品,北海道札幌市,232,133,22,785,0.2,false,true,500,1200,1400,0,571
XM02-064,食品,東京都新宿区,232,133,22,748,0.2,false,true,900,1100,1400,0,572
XM02-691,家具,東京都品川区,232,133,22,895,0.1,false,false,1700,1100,1400,0,573
XY05-139,書籍,東京都渋谷区,250,180,120,367,1.7,false,true,100,500,1400,0,574
XM01-037,スポーツ用品,東京都品川区,286,213,24,641,0.4,false,true,1700,500,1400,0,575
XY05-373,玩具,東京都新宿区,250,180,120,428,1.4,false,true,0,300,1400,0,576
X08-289,スポーツ用品,東京都目黒区,315,245,105,386,1.6,false,true,400,300,1400,0,577
XM02-232,ペット用品,千葉県千葉市,232,133,22,766,0.2,false,true,800,200,1400,0,578
XY05-126,飲料,東京都渋谷区,250,180,120,471,1.1,false,true,200,100,1400,0,579
XM01-911,スポーツ用品,北海道札幌市,286,213,24,692,0.4,false,true,500,0,1400,0,580
X08-260,書籍,埼玉県さいたま市,315,245,105,450,1.3,false,true,100,4100,1500,0,581
XM02-794,化粧品,大阪府大阪市,232,133,22,833,0.2,false,true,500,4100,1500,0,582
X08-789,書籍,北海道札幌市,315,245,105,365,1.8,false,true,800,4100,1500,0,583
XM02-949,玩具,愛知県名古屋市,232,133,22,851,0.2,false,true,1200,4100,1500,0,584
XM02-530,化粧品,福岡県福岡市,232,133,22,886,0.1,false,false,1500,4000,1500,0,585
XY05-376,玩具,北海道札幌市,250,180,120,391,1.6,false,true,700,3900,1500,0,586
X08-910,衣類,東京都港区,315,245,105,296,2.6,false,true,300,3800,1500,0,587
XM01-444,飲料,千葉県千葉市,286,213,24,721,0.3,false,true,0,3700,1500,0,588
X12-977,衣類,東京都新宿区,485,325,295,10,15.5,false,true,1300,3600,1500,0,589
X11-787,書籍,埼玉県さいたま市,405,305,255,108,10.1,false,true,700,3500,1500,0,590
X11-006,文具,千葉県千葉市,405,305,255,186,8,false,false,200,3300,1500,0,591
XM02-001,書籍,東京都品川区,232,133,22,744,0.2,false,true,1200,3300,1500,0,592
X08-411,電化製品,神奈川県横浜市,315,245,105,947,1.8,true,true,1600,3200,1500,0,593
XM02-534,工具,神奈川県横浜市,232,133,22,806,0.2,false,true,0,3100,1500,0,594
XM01-412,文具,東京都港区,286,213,24,605,0.5,false,true,300,3000,1500,0,595
XY05-649,電化製品,神奈川県川崎市,250,180,120,480,1.1,false,true,0,2900,1500,0,596
X12-321,スポーツ用品,東京都渋谷区,485,325,295,60,11.8,false,true,100,2100,1500,0,597
XY05-677,衣類,埼玉県さいたま市,250,180,120,433,1.4,false,true,600,2000,1500,0,598
XM01-1003,衣類,神奈川県川崎市,286,213,24,743,0.3,false,true,900,2000,1500,0,599
XM02-872,工具,東京都目黒区,232,133,22,844,0.2,false,true,1300,2000,1500,0,600
XM01-354,食品,大阪府大阪市,286,213,24,717,0.3,false,true,0,1600,1500,0,601
X12-769,家具,福岡県福岡市,485,325,295,3,16.1,false,true,800,1600,1500,0,602
X11-898,日用品,埼玉県さいたま市,405,305,255,184,8.1,false,true,1400,1600,1500,0,603
XY13-516,医薬品,北海道札幌市,330,255,30,559,0.7,false,true,800,1300,1500,0,604
XM01-047,化粧品,神奈川県川崎市,286,213,24,699,0.3,false,true,1700,1200,1500,0,605
XM02-366,食品,東京都渋谷区,232,133,22,877,0.1,false,true,300,1100,1500,0,606
XY13-632,書籍,神奈川県横浜市,330,255,30,618,0.5,false,true,600,1000,1500,0,607
XY13-305,化粧品,東京都港区,330,255,30,553,0.7,false,true,1200,900,1500,0,608
XM01-864,雑貨,神奈川県川崎市,286,213,24,691,0.4,false,true,1600,900,1500,0,609
X12-255,化粧品,東京都港区,485,325,295,914,11.6,true,true,0,700,1500,0,610
XY13-103,化粧品,東京都品川区,330,255,30,519,0.8,false,true,1200,600,1500,0,611
X08-574,文具,福岡県福岡市,315,245,105,453,1.3,false,false,1600,600,1500,0,612
XY05-822,雑貨,埼玉県さいたま市,250,180,120,467,1.2,false,true,1400,400,1500,0,613
XY05-905,飲料,大阪府大阪市,250,180,120,441,1.4,false,true,1700,400,1500,0,614
X11-172,ペット用品,大阪府大阪市,405,305,255,150,8.8,false,true,900,200,1500,0,615
XY13-113,玩具,東京都品川区,330,255,30,980,0.5,true,true,500,0,1500,0,616
XY05-212,玩具,愛知県名古屋市,250,180,120,356,1.8,false,true,1200,0,1500,0,617
X11-633,工具,東京都渋谷区,405,305,255,225,7,false,true,1500,0,1500,0,618
X12-841,医薬品,大阪府大阪市,485,325,295,4,16.1,false,true,1200,4000,1600,0,619
XY05-959,衣類,愛知県名古屋市,250,180,120,406,1.6,false,true,1700,4000,1600,0,620
XY13-718,衣類,北海道札幌市,330,255,30,533,0.8,false,true,1200,3300,1600,0,621
X12-857,食品,神奈川県横浜市,485,325,295,181,8.2,false,true,300,2900,1600,0,622
X08-004,飲料,神奈川県横浜市,315,245,105,271,2.8,false,true,0,2600,1600,0,623
XM01-508,書籍,神奈川県横浜市,286,213,24,723,0.3,false,true,500,2600,1600,0,624
XM01-745,玩具,神奈川県横浜市,286,213,24,684,0.4,false,false,1700,2500,1600,0,625
X11-099,ペット用品,東京都品川区,405,305,255,263,4.9,false,true,1000,2400,1600,0,626
XM01-923,ペット用品,東京都港区,286,213,24,739,0.3,false,true,600,2300,1600,0,627
XM02-222,ペット用品,東京都目黒区,232,133,22,763,0.2,false,true,900,2200,1600,0,628
XY13-063,スポーツ用品,神奈川県横浜市,330,255,30,518,0.8,false,true,1200,2100,1600,0,629
X08-961,電化製品,千葉県千葉市,315,245,105,442,1.4,false,true,1600,2100,1600,0,630
X08-594,食品,神奈川県横浜市,315,245,105,398,1.6,false,true,100,1800,1600,0,631
XY05-392,飲料,神奈川県川崎市,250,180,120,371,1.7,false,false,500,1600,1600,0,632
X12-116,医薬品,北海道札幌市,485,325,295,74,10.9,false,false,0,1400,1600,0,633
XY05-581,電化製品,大阪府大阪市,250,180,120,374,1.7,false,false,1100,1400,1600,0,634
XY05-437,化粧品,神奈川県横浜市,250,180,120,359,1.8,false,true,1400,1400,1600,0,635
X12-494,ペット用品,神奈川県横浜市,485,325,295,910,14.7,true,true,500,1200,1600,0,636
XY05-836,家具,北海道札幌市,250,180,120,416,1.5,false,true,1700,1200,1600,0,637
X08-279,食品,神奈川県川崎市,315,245,105,943,2.6,true,true,0,1100,1600,0,638
X11-417,ペット用品,東京都港区,405,305,255,103,10.2,false,true,1200,1000,1600,0,639
XY05-719,電化製品,東京都目黒区,250,180,120,960,1.3,true,false,1700,1000,1600,0,640
X08-746,家具,神奈川県横浜市,315,245,105,379,1.7,false,true,500,800,1600,0,641
X12-254,スポーツ用品,愛知県名古屋市,485,325,295,42,12.9,false,true,1100,600,1600,0,642
XY05-952,医薬品,大阪府大阪市,250,180,120,493,1,false,true,0,500,1600,0,643
XY05-770,医薬品,東京都渋谷区,250,180,120,967,1,true,false,400,500,1600,0,644
X08-195,文具,東京都新宿区,315,245,105,343,1.9,false,true,0,200,1600,0,645
X11-263,スポーツ用品,東京都品川区,405,305,255,197,7.7,false,true,400,100,1600,0,646
XY05-224,医薬品,東京都品川区,250,180,120,963,1.1,true,true,100,4200,1700,0,647
X12-399,ペット用品,東京都品川区,485,325,295,8,15.6,false,true,600,4000,1700,0,648
X08-152,飲料,愛知県名古屋市,315,245,105,290,2.6,false,true,200,3900,1700,0,649
XY05-624,医薬品,神奈川県川崎市,250,180,120,432,1.4,false,true,100,3700,1700,0,650
XY05-190,玩具,埼玉県さいたま市,250,180,120,448,1.3,false,true,400,3700,1700,0,651
XY05-278,スポーツ用品,東京都渋谷区,250,180,120,357,1.8,false,false,800,3200,1700,0,652
X08-386,工具,福岡県福岡市,315,245,105,292,2.6,false,true,1600,3200,1700,0,653
XY05-467,化粧品,埼玉県さいたま市,250,180,120,344,1.9,false,true,800,3000,1700,0,654
X12-121,スポーツ用品,神奈川県川崎市,485,325,295,221,7.1,false,true,1100,3000,1700,0,655
XY05-090,玩具,東京都港区,250,180,120,407,1.5,false,true,1100,2800,1700,0,656
X12-028,日用品,神奈川県横浜市,485,325,295,20,14.5,false,false,1500,2600,1700,0,657
X12-549,衣類,東京都目黒区,485,325,295,27,13.8,false,true,400,2500,1700,0,658
XM01-434,スポーツ用品,東京都品川区,286,213,24,720,0.3,false,true,600,2200,1700,0,659
X11-802,衣類,神奈川県川崎市,405,305,255,253,5.6,false,true,1100,2000,1700,0,660
XM01-998,日用品,愛知県名古屋市,286,213,24,992,0.4,true,true,500,1800,1700,0,661
X08-293,衣類,東京都品川区,315,245,105,387,1.6,false,true,1600,700,1700,0,662
XY05-298,文具,北海道札幌市,250,180,120,388,1.6,false,true,1700,500,1700,0,663
XM02-394,玩具,北海道札幌市,232,133,22,781,0.2,false,true,1400,400,1700,0,664
XM02-771,雑貨,神奈川県川崎市,232,133,22,828,0.2,false,true,1700,4000,1800,0,665
XY05-536,文具,東京都渋谷区,250,180,120,412,1.5,false,true,1400,3700,1800,0,666
X08-648,衣類,神奈川県横浜市,315,245,105,335,2,false,true,800,3600,1800,0,667
XM01-950,雑貨,千葉県千葉市,286,213,24,694,0.4,false,true,1700,3600,1800,0,668
XY05-524,電化製品,東京都港区,250,180,120,393,1.6,false,true,1400,3500,1800,0,669
XY13-302,文具,東京都目黒区,330,255,30,507,0.9,false,false,0,3400,1800,0,670
XY13-570,化粧品,福岡県福岡市,330,255,30,675,0.4,false,true,400,3400,1800,0,671
XY05-338,書籍,大阪府大阪市,250,180,120,461,1.2,false,true,1000,3400,1800,0,672
XM01-590,医薬品,東京都新宿区,286,213,24,678,0.4,false,true,0,3100,1800,0,673
X08-871,家具,東京都新宿区,315,245,105,350,1.9,false,false,0,2400,1800,0,674
X08-031,医薬品,千葉県千葉市,315,245,105,305,2.4,false,true,1600,2300,1800,0,675
X08-456,ペット用品,神奈川県横浜市,315,245,105,361,1.8,false,false,500,2200,1800,0,676
X08-979,化粧品,福岡県福岡市,315,245,105,324,2.2,false,true,0,2000,1800,0,677
X08-221,書籍,大阪府大阪市,315,245,105,383,1.6,false,true,1600,2000,1800,0,678
XY13-085,日用品,神奈川県川崎市,330,255,30,592,0.5,false,true,400,1900,1800,0,679
XM02-639,電化製品,東京都港区,232,133,22,814,0.2,false,false,100,1800,1800,0,680
XY13-359,食品,愛知県名古屋市,330,255,30,555,0.7,false,true,800,1700,1800,0,681
XM01-863,家具,千葉県千葉市,286,213,24,843,0.2,false,false,1200,1600,1800,0,682
X08-238,衣類,愛知県名古屋市,315,245,105,331,2,false,true,1500,1600,1800,0,683
XM02-018,家具,東京都渋谷区,232,133,22,858,0.1,false,false,1600,1400,1800,0,684
XM02-554,ペット用品,東京都渋谷区,232,133,22,888,0.1,false,true,0,1200,1800,0,685
XY05-465,衣類,大阪府大阪市,250,180,120,477,1.1,false,true,1700,1100,1800,0,686
XY13-939,日用品,大阪府大阪市,330,255,30,693,0.4,false,true,100,800,1800,0,687
X08-587,玩具,北海道札幌市,315,245,105,277,2.8,false,true,600,700,1800,0,688
XM02-804,飲料,東京都渋谷区,232,133,22,900,0.1,false,true,300,600,1800,0,689
XY13-666,書籍,千葉県千葉市,330,255,30,623,0.5,false,false,0,300,1800,0,690
XY13-579,工具,東京都目黒区,330,255,30,577,0.6,false,true,900,300,1800,0,691
XY13-845,玩具,東京都渋谷区,330,255,30,688,0.4,false,true,1300,300,1800,0,692
XY05-132,書籍,埼玉県さいたま市,250,180,120,445,1.3,false,true,100,100,1800,0,693
X08-717,衣類,福岡県福岡市,315,245,105,945,2,true,true,1000,0,1800,0,694
X08-452,化粧品,千葉県千葉市,315,245,105,308,2.4,false,true,1500,0,1800,0,695
XY13-333,日用品,大阪府大阪市,330,255,30,600,0.5,false,true,100,4100,1900,0,696
XY13-967,文具,東京都品川区,330,255,30,696,0.4,false,true,1400,4100,1900,0,697
XM01-310,飲料,北海道札幌市,286,213,24,774,0.2,false,true,1100,3900,1900,0,698
XM02-048,衣類,千葉県千葉市,232,133,22,1004,0.1,true,true,1400,3900,1900,0,699
XY13-511,スポーツ用品,大阪府大阪市,330,255,30,974,0.7,true,false,0,3800,1900,0,700
XM01-460,医薬品,東京都港区,286,213,24,607,0.5,false,true,1700,3800,1900,0,701
XY13-346,家具,愛知県名古屋市,330,255,30,526,0.8,false,true,400,3700,1900,0,702
XM01-274,文具,東京都渋谷区,286,213,24,708,0.3,false,true,1700,3500,1900,0,703
XY13-409,ペット用品,福岡県福岡市,330,255,30,557,0.7,false,false,300,3400,1900,0,704
XM02-024,飲料,大阪府大阪市,232,133,22,859,0.1,false,true,1600,3300,1900,0,705
XM01-157,玩具,北海道札幌市,286,213,24,704,0.3,false,true,0,3200,1900,0,706
XY13-045,玩具,神奈川県横浜市,330,255,30,568,0.6,false,true,400,3100,1900,0,707
XM02-651,家具,埼玉県さいたま市,232,133,22,815,0.2,false,true,1600,3100,1900,0,708
XM01-583,家具,北海道札幌市,286,213,24,677,0.4,false,true,800,3000,1900,0,709
XY13-207,衣類,東京都目黒区,330,255,30,550,0.7,false,true,0,2900,1900,0,710
XM01-712,ペット用品,東京都港区,286,213,24,626,0.5,false,false,900,2600,1900,0,711
XM02-1006,スポーツ用品,神奈川県横浜市,232,133,22,856,0.2,false,true,1300,2400,1900,0,712
XY13-792,文具,東京都渋谷区,330,255,30,630,0.5,false,true,400,1800,1900,0,713
XM01-710,日用品,愛知県名古屋市,286,213,24,683,0.4,false,false,1000,1700,1900,0,714
XY13-379,衣類,東京都品川区,330,255,30,662,0.4,false,false,0,1600,1900,0,715
XY13-074,ペット用品,東京都新宿区,330,255,30,569,0.6,false,true,400,1400,1900,0,716
XM02-945,日用品,東京都渋谷区,232,133,22,850,0.2,false,true,0,1300,1900,0,717
XY13-662,工具,東京都品川区,330,255,30,622,0.5,false,true,1400,1300,1900,0,718
XY13-243,化粧品,東京都新宿区,330,255,30,981,0.5,true,true,900,1200,1900,0,719
XM02-1005,玩具,神奈川県川崎市,232,133,22,855,0.2,false,true,600,1100,1900,0,720
XY13-210,書籍,東京都目黒区,330,255,30,653,0.4,false,true,200,1000,1900,0,721
XM01-231,工具,東京都渋谷区,286,213,24,765,0.2,false,false,1000,900,1900,0,722
XY13-733,玩具,東京都目黒区,330,255,30,534,0.8,false,false,1300,900,1900,0,723
XY13-021,電化製品,東京都目黒区,330,255,30,544,0.7,false,false,0,600,1900,0,724
XM01-303,玩具,福岡県福岡市,286,213,24,711,0.3,false,true,1000,600,1900,0,725
XY13-114,食品,千葉県千葉市,330,255,30,520,0.8,false,true,1400,600,1900,0,726
XY13-472,ペット用品,東京都渋谷区,330,255,30,509,0.9,false,true,200,300,1900,0,727
XY13-586,文具,大阪府大阪市,330,255,30,578,0.6,false,true,1000,300,1900,0,728
XY13-476,医薬品,埼玉県さいたま市,330,255,30,528,0.8,false,true,1400,300,1900,0,729
XY13-941,衣類,福岡県福岡市,330,255,30,542,0.8,false,true,600,200,1900,0,730